,ID,E_Brent,Opt_Basica,PP,BR,AR,WO,NW,opt_C,opt_I,capex_h,produc_h,Fixed_Costs_h,Semi_Fixed_h,Gross_Fluid_h,Water_Injected_h,Producer_Well_h,WI_Well_h,VPN_Basica_porta,VPN_incremental_porta,VPN_Basica,VPN_incremental,VPN_Total,EFI_INCREMENTAL,capex,opex_basica,opex_incremental,volumen_B_LE,volumen_I_LE,volumen_T_LE,volumen_B_LE_p,volumen_I_LE_p,volumen_T_LE_p,LE_year_p,LE_year_b,lc_p,lc_b,dc_p,dc_b,opex_ing_p,capex_ing_p,impuesto_ing_p,ingreso_ing_p,abandono_ing_p,opex_ing_b,capex_ing_b,impuesto_ing_b,ingreso_ing_b,abandono_ing_b
0,0,50,1,0.5700000000000001,1,0,1,0,1,1,0.9,1,1,1,1,1,1,1,426952.545,73977.3714,486527.0957,132199.0594,618726.1551,3.0187965845678955,130097.2873,8674551.3609,8652322.286,62.498910891403604,71.34169642886009,8.842785537456482,57.01655028689454,65.08365288246884,8.067102595574296,2039.0,2039.0,21.1885,21.1885,0.8574,0.7822,742476.1054,53751.5669,205024.6695,1540518.1927,38335.9344,813868.0386,53751.5669,256633.4565,1781315.1517,38335.9344
1,1,50,1,0.5700000000000001,1,0,0,1,1,1,0.9,1,1,1,1,1,1,1,426952.545,42215.9071,486527.0957,96870.402,583397.4977,2.087327397547791,131370.1471,8674551.3609,8909568.9307,62.498910891403604,68.7373901405559,6.238479249152297,57.01655028689454,62.70779451419132,5.691244227296782,2038.0,2038.0,21.4816,21.4816,0.8986,0.8198,746381.5919,54251.0384,192855.7732,1506298.4138,43641.5583,818149.0526,54251.0384,242935.3586,1742374.5056,43641.5583
2,2,50,1,0.5700000000000001,1,0,1,1,1,1,0.9,1,1,1,1,1,1,1,426952.545,115268.1424,486527.0957,182384.1431,668911.2388,2.1182017244079097,261467.4344,8674551.3609,8989404.814,62.498910891403604,77.62169077122078,15.122779879817186,57.01655028689454,70.81277052813124,13.796220241236696,2039.0,2039.0,20.2916,20.2916,1.5815,1.4428,771871.0959,108002.6053,217533.4109,1679301.9435,39674.1439,846089.4705,108002.6053,272954.1597,1935631.6183,39674.1439
3,3,50,1,0.5700000000000001,1,1,1,0,1,1,0.9,1,1,1,1,1,1,1,426952.545,130390.0617,486527.0957,195942.4244,682469.5201,2.9214885335932217,215395.6836,8674551.3609,8740351.305,62.498910891403604,78.54724344118286,16.048332549779253,57.01655028689454,71.65713436739489,14.640584080500346,2040.0,2040.0,20.3646,20.3646,1.2884,1.1754,761414.409,85381.1157,225306.2402,1664295.2211,34850.8495,834627.3329,85381.1157,280063.35,1917392.1683,34850.8495
4,4,50,1,0.5700000000000001,1,1,0,1,1,1,0.9,1,1,1,1,1,1,1,426952.545,41612.51,486527.0957,101469.8874,587996.9831,0.8160821789901167,407762.8364,8674551.3609,9592830.8998,62.498910891403604,77.33326232873975,14.834351437336139,57.01655028689454,70.54964282621873,13.533092539324185,2039.0,2039.0,21.4023,21.4023,2.4789,2.2614,797549.7204,137772.292,185507.1522,1631781.7538,42387.5342,874237.1935,137772.292,237529.5485,1879923.5514,42387.5342
5,5,50,1,0.5700000000000001,1,1,1,1,1,1,0.9,1,1,1,1,1,1,1,426952.545,165943.1458,486527.0957,245549.3047,732076.4004,1.3862999585280977,623158.52,8674551.3609,9760695.8021,62.498910891403604,91.78685893453732,29.287948043133714,57.01655028689454,83.73538008063052,26.71882979373598,2040.0,2040.0,19.3803,19.3803,3.1823,2.9031,831160.9126,223153.4077,230012.1362,1915756.2693,38534.122,911080.2311,223153.4077,290373.8519,2195218.0132,38534.122
6,6,50,1,0.5700000000000001,1,0,1,0,1,1,1.1,1,1,1,1,1,1,1,426952.545,66460.5023,486527.0957,124686.0851,611213.1808,2.2881387201404086,159007.7956,8674551.3609,8652322.286,62.498910891403604,71.34169642886009,8.842785537456482,57.01655028689454,65.08365288246884,8.067102595574296,2039.0,2039.0,21.1885,21.1885,1.0479,0.956,742476.1054,65696.3596,200596.746,1540518.1927,38335.9344,813868.0386,65696.3596,252201.6382,1781315.1517,38335.9344
7,7,50,1,0.5700000000000001,1,0,0,1,1,1,1.1,1,1,1,1,1,1,1,426952.545,34398.6417,486527.0957,89069.5664,575596.6621,1.5210565169649999,160563.5131,8674551.3609,8909568.9307,62.498910891403604,68.7373901405559,6.238479249152297,57.01655028689454,62.70779451419132,5.691244227296782,2038.0,2038.0,21.4816,21.4816,1.0983,1.002,746381.5919,66306.8247,188290.1344,1506298.4138,43968.6762,818149.0526,66306.8247,238353.2901,1742374.5056,43968.6762
8,8,50,1,0.5700000000000001,1,0,1,1,1,1,1.1,1,1,1,1,1,1,1,426952.545,99807.8461,486527.0957,166982.2532,653509.3489,1.5490116285253572,319571.3087,8674551.3609,8989404.814,62.498910891403604,77.62169077122078,15.122779879817186,57.01655028689454,70.81277052813124,13.796220241236696,2039.0,2039.0,20.2916,20.2916,1.933,1.7634,771871.0959,132003.1843,208695.7484,1679301.9435,39971.5238,846089.4705,132003.1843,264058.0908,1935631.6183,39971.5238
9,9,50,1,0.5700000000000001,1,1,1,0,1,1,1.1,1,1,1,1,1,1,1,426952.545,118310.3096,486527.0957,183903.3953,670430.491,2.2084809661260043,263261.3911,8674551.3609,8740351.305,62.498910891403604,78.54724344118286,16.048332549779253,57.01655028689454,71.65713436739489,14.640584080500346,2040.0,2040.0,20.3646,20.3646,1.5747,1.4366,761414.409,104354.697,218412.411,1664295.2211,34850.8495,834627.3329,104354.697,273128.7979,1917392.1683,34850.8495
10,10,50,1,0.5700000000000001,1,1,0,1,1,1,1.1,1,1,1,1,1,1,1,426952.545,20674.004,486527.0957,80685.6137,567212.7094,0.48053812364652765,498376.8001,8674551.3609,9592830.8998,62.498910891403604,77.33326232873975,14.834351437336139,57.01655028689454,70.54964282621873,13.533092539324185,2039.0,2039.0,21.4023,21.4023,3.0297,2.764,797549.7204,168388.3569,174929.2378,1631781.7538,43287.8898,874237.1935,168388.3569,226797.4018,1879923.5514,43287.8898
11,11,50,1,0.5700000000000001,1,1,1,1,1,1,1.1,1,1,1,1,1,1,1,426952.545,132739.6256,486527.0957,212563.5531,699090.6488,0.9494243426256931,761638.1911,8674551.3609,9760695.8021,62.498910891403604,91.78685893453732,29.287948043133714,57.01655028689454,83.73538008063052,26.71882979373598,2040.0,2040.0,19.3803,19.3803,3.8895,3.5483,831160.9126,272743.0538,212807.5053,1915756.2693,39352.6271,911080.2311,272743.0538,272951.4524,2195218.0132,39352.6271
12,12,50,1,0.5700000000000001,1,0,1,0,1,1,1,0.9,1,1,1,1,1,1,426952.545,59813.2548,486527.0957,116788.5527,603315.6484,2.339126788758756,144552.5415,8674551.3609,8644338.6977,62.498910891403604,70.63119742031981,8.1322865289162,57.01655028689454,64.43547834836193,7.418928061467384,2039.0,2039.0,21.3633,21.3633,0.9624,0.878,741176.8884,59723.9633,198410.4525,1524413.0383,38335.9344,812443.8969,59723.9633,249479.6176,1763299.0606,38335.9344
13,13,50,1,0.5700000000000001,1,0,0,1,1,1,1,0.9,1,1,1,1,1,1,426952.545,29209.4444,486527.0957,82848.2225,569375.3181,1.5366004866220848,145966.8301,8674551.3609,8904551.1481,62.498910891403604,68.11520067565039,5.61628978424678,57.01655028689454,62.14018307252314,5.123632785628601,2038.0,2038.0,21.6509,21.6509,1.0077,0.9193,745453.5625,60278.9315,186712.8988,1492412.4994,43805.1172,817131.7897,60278.9315,236342.6802,1726933.8368,43805.1172
14,14,50,1,0.5700000000000001,1,0,1,1,1,1,1,0.9,1,1,1,1,1,1,426952.545,88069.7392,486527.0957,152974.2529,639501.3486,1.5481783962718092,290519.3715,8674551.3609,8976403.4431,62.498910891403604,76.28866580199869,13.78975491059509,57.01655028689454,69.59667757375318,12.580127286858646,2039.0,2039.0,20.5872,20.5872,1.7886,1.6317,769629.8298,120002.8948,204979.4753,1649457.3179,39822.8339,843632.698,120002.8948,259377.9612,1902337.7364,39822.8339
15,15,50,1,0.5700000000000001,1,1,1,0,1,1,1,0.9,1,1,1,1,1,1,426952.545,106582.89,486527.0957,170192.6408,656719.7365,2.233684775677725,239328.5373,8674551.3609,8723564.8148,62.498910891403604,77.28378649884249,14.784875607438881,57.01655028689454,70.50450698140016,13.487956694505622,2040.0,2040.0,20.6368,20.6368,1.4554,1.3277,759287.1712,94867.9063,214406.0163,1636947.3783,34850.8495,832295.553,94867.9063,268278.7285,1887012.7738,34850.8495
16,16,50,1,0.5700000000000001,1,1,0,1,1,1,1,0.9,1,1,1,1,1,1,426952.545,12468.1706,486527.0957,70781.8695,557308.9652,0.4369249598109764,453069.8182,8674551.3609,9576990.0009,62.498910891403604,74.05034267935277,11.551431787949157,57.01655028689454,67.5546985846727,10.538148297778163,2038.0,2038.0,21.2196,21.2196,2.8762,2.6239,781765.2357,153080.3244,171540.4406,1592928.1995,47121.4832,856934.9699,153080.3244,222668.7653,1837114.5081,47121.4832
17,17,50,1,0.5700000000000001,1,1,1,1,1,1,1,0.9,1,1,1,1,1,1,426952.545,113973.7525,486527.0957,190086.8975,676613.9932,0.9163718565920308,692398.3556,8674551.3609,9728068.413,62.498910891403604,87.21176435252129,24.71285346111769,57.01655028689454,79.56160958475625,22.545059297861712,2039.0,2039.0,19.3709,19.3709,3.7225,3.396,814266.4851,247948.2308,205054.7236,1851033.449,42837.712,892561.3395,247948.2308,263691.8336,2123653.109,42837.712
18,18,50,1,0.5700000000000001,1,0,1,0,1,1,1,1.1,1,1,1,1,1,1,426952.545,80615.3164,486527.0957,140090.2185,626617.3142,2.894512843123878,144552.5415,8674551.3609,8660305.8744,62.498910891403604,72.05170001174193,9.55278912033832,57.01655028689454,65.73137544930842,8.714825162413872,2039.0,2039.0,21.0171,21.0171,0.9431,0.8604,743775.3225,59723.9633,207207.623,1556610.7046,38335.9344,815292.1804,59723.9633,259347.8285,1799317.2208,38335.9344
19,19,50,1,0.5700000000000001,1,0,0,1,1,1,1,1.1,1,1,1,1,1,1,426952.545,50503.932,486527.0957,106185.0475,592712.1432,2.0811572411072397,145966.8301,8674551.3609,8914586.7133,62.498910891403604,71.16695735167397,8.668046460270372,57.01655028689454,64.92424179450961,7.907691507615069,2039.0,2039.0,21.7836,21.7836,0.9645,0.8799,759820.9744,60278.9315,195313.1333,1532692.35,39822.8339,832880.6834,60278.9315,245831.1918,1771525.7838,39822.8339
20,20,50,1,0.5700000000000001,1,0,1,1,1,1,1,1.1,1,1,1,1,1,1,426952.545,126982.2335,486527.0957,196360.7906,682887.8863,2.0617156116373216,290519.3715,8674551.3609,9002406.1849,62.498910891403604,78.95300398732792,16.454093095924314,57.01655028689454,72.02730188317635,15.010751596281807,2039.0,2039.0,20.0062,20.0062,1.727,1.5755,774112.3621,120002.8948,221230.1898,1709103.059,39822.8339,848546.2431,120002.8948,277617.4299,1968877.2879,39822.8339
21,21,50,1,0.5700000000000001,1,1,1,0,1,1,1,1.1,1,1,1,1,1,1,426952.545,142090.0121,486527.0957,209626.6076,696153.7033,2.824554934029596,239328.5373,8674551.3609,8757137.7953,62.498910891403604,79.80919212686453,17.31028123546092,57.01655028689454,72.80838579994656,15.791835513052028,2040.0,2040.0,20.1012,20.1012,1.4085,1.285,763541.6468,94867.9063,229303.3029,1691606.2626,34850.8495,836959.1129,94867.9063,284899.4318,1947731.0038,34850.8495
22,22,50,1,0.5700000000000001,1,1,0,1,1,1,1,1.1,1,1,1,1,1,1,426952.545,47717.7726,486527.0957,109347.6112,595874.7069,0.7983221832590551,453069.8182,8674551.3609,9608671.7988,62.498910891403604,78.6377277839879,16.13881689258429,57.01655028689454,71.73968148714684,14.723131200252297,2039.0,2039.0,21.1088,21.1088,2.708,2.4705,799593.2449,153080.3244,186735.9056,1656917.5045,42837.712,876477.2108,153080.3244,239425.7106,1907695.6647,42837.712
23,23,50,1,0.5700000000000001,1,1,1,1,1,1,1,1.1,1,1,1,1,1,1,426952.545,183468.3669,486527.0957,266763.2534,753290.3491,1.3596339195901246,692398.3556,8674551.3609,9793323.1913,62.498910891403604,94.35052134978265,31.851610458379042,57.01655028689454,86.0741598278719,29.05760954097735,2040.0,2040.0,18.9537,18.9537,3.4376,3.136,835376.3272,247948.2308,235038.4311,1967727.2755,38943.3745,915700.9741,247948.2308,296921.4197,2252804.3481,38943.3745
24,24,50,1,0.5700000000000001,1,0,1,0,1,1,1,1,0.9,1,1,1,1,1,438912.8634,69561.2373,503437.8837,123633.342,627071.2257,2.544151899463883,144552.5415,8417327.1284,8400226.4337,64.21441218882794,73.05511436401761,8.840702175189675,58.58156901436937,66.6467709987529,8.065201984383522,2040.0,2040.0,21.2708,21.2708,0.9306,0.8489,741135.2537,59723.9633,207119.6637,1551303.8309,34850.8495,812398.2589,59723.9633,259093.5731,1793137.8704,34850.8495
25,25,50,1,0.5700000000000001,1,0,0,1,1,1,1,1,0.9,1,1,1,1,1,438912.8634,37959.4245,503437.8837,88482.1226,591920.0062,1.7095824463976235,145966.8301,8417327.1284,8657473.0784,64.21441218882794,70.53675461983333,6.322342431005389,58.58156901436937,64.34932000405846,5.767750989689084,2039.0,2039.0,21.5935,21.5935,0.9733,0.8879,746847.9761,60278.9315,194935.705,1518757.7345,39822.8339,818660.2815,60278.9315,245349.7848,1756031.8379,39822.8339
26,26,50,1,0.5700000000000001,1,0,1,1,1,1,1,1,0.9,1,1,1,1,1,438912.8634,106500.9703,503437.8837,169489.9983,672927.882,1.7692883188663115,290519.3715,8417327.1284,8737308.9617,64.21441218882794,79.40196779525239,15.187555606424452,58.58156901436937,72.436882900932,13.855313886562632,2040.0,2040.0,20.4095,20.4095,1.7183,1.5676,771034.4903,120002.8948,217854.6518,1690508.4468,36202.5762,845172.4221,120002.8948,273609.8949,1947915.67,36202.5762
27,27,50,1,0.5700000000000001,1,1,1,0,1,1,1,1,0.9,1,1,1,1,1,438912.8634,123287.4268,503437.8837,184725.1216,688163.0053,2.4817815131540484,239328.5373,8417327.1284,8488255.4527,64.21441218882794,80.24580630637765,16.03139411754971,58.58156901436937,73.20670049002872,14.625131475659357,2041.0,2041.0,20.4483,20.4483,1.402,1.279,758868.7467,94867.9063,226395.8041,1674015.3377,31682.5904,831836.8954,94867.9063,281496.5141,1928046.9115,31682.5904
28,28,50,1,0.5700000000000001,1,1,0,1,1,1,1,1,0.9,1,1,1,1,1,438912.8634,28026.3507,503437.8837,83836.0871,587273.9707,0.5796852748302014,453069.8182,8417327.1284,9340735.0475,64.21441218882794,77.33326232873975,13.118850139911803,58.58156901436937,70.54964282621873,11.968073811849354,2039.0,2039.0,21.0761,21.0761,2.7543,2.5127,785518.7712,153080.3244,183405.732,1631781.7538,42837.712,861049.4223,153080.3244,235682.1219,1879923.5514,42837.712
29,29,50,1,0.5700000000000001,1,1,1,1,1,1,1,1,0.9,1,1,1,1,1,438912.8634,146440.0234,503437.8837,221954.7885,725392.6721,1.1149270692690203,692398.3556,8417327.1284,9508599.9498,64.21441218882794,91.78685893453732,27.572446745709378,58.58156901436937,83.73538008063052,25.153811066261152,2040.0,2040.0,19.0921,19.0921,3.5359,3.2257,818922.0913,247948.2308,224589.6858,1915756.2693,38943.3745,897664.6001,247948.2308,285269.1356,2195218.0132,38943.3745
30,30,50,1,0.5700000000000001,1,0,1,0,1,1,1,1,1.1,1,1,1,1,1,418628.9962,69990.2776,477403.2057,128193.8739,605597.0796,2.6127404712455564,144552.5415,8931775.5934,8904418.1383,62.498910891403604,71.34169642886009,8.842785537456482,57.01655028689454,65.08365288246884,8.067102595574296,2039.0,2039.0,21.5421,21.5421,0.9527,0.8691,754507.0546,59723.9633,199331.9666,1540518.1927,38335.9344,827055.8098,59723.9633,250602.3645,1781315.1517,38335.9344
31,31,50,1,0.5700000000000001,1,0,0,1,1,1,1,1,1.1,1,1,1,1,1,418628.9962,38246.164,477403.2057,92932.7192,570335.9249,1.7758779435189929,145966.8301,8931775.5934,9161664.783,62.498910891403604,68.7373901405559,6.238479249152297,57.01655028689454,62.70779451419132,5.691244227296782,2038.0,2038.0,21.8296,21.8296,0.9985,0.9109,758183.8817,60278.9315,187155.3231,1506298.4138,43805.1172,831086.178,60278.9315,236868.3539,1742374.5056,43805.1172
32,32,50,1,0.5700000000000001,1,0,1,1,1,1,1,1,1.1,1,1,1,1,1,418628.9962,107231.8259,477403.2057,174376.2654,651779.4711,1.803059220514331,290519.3715,8931775.5934,9241500.6663,62.498910891403604,77.62169077122078,15.122779879817186,57.01655028689454,70.81277052813124,13.796220241236696,2039.0,2039.0,20.6161,20.6161,1.7573,1.6031,783902.0451,120002.8948,209713.3476,1679301.9435,39822.8339,859277.2417,120002.8948,264749.1768,1935631.6183,39822.8339
33,33,50,1,0.5700000000000001,1,1,1,0,1,1,1,1,1.1,1,1,1,1,1,418628.9962,121577.1513,477403.2057,187129.0618,664532.2675,2.48764957664616,239328.5373,8931775.5934,8992447.1573,62.498910891403604,76.7544533274813,14.255542436077697,57.01655028689454,70.0216065443689,13.00505625747436,2039.0,2039.0,20.2565,20.2565,1.4646,1.3362,762359.6497,94867.9063,217240.3122,1653009.9503,38335.9344,835663.4622,94867.9063,271622.2048,1905021.7752,38335.9344
34,34,50,1,0.5700000000000001,1,1,0,1,1,1,1,1,1.1,1,1,1,1,1,418628.9962,28655.2602,477403.2057,88629.4365,566032.6422,0.6028402733345166,453069.8182,8931775.5934,9844926.7521,62.498910891403604,75.32713934413997,12.828228452736367,57.01655028689454,68.71949554202244,11.702945255127903,2038.0,2038.0,21.2381,21.2381,2.8269,2.5789,795560.0194,153080.3244,174844.6938,1617890.7773,47121.4832,872056.1752,153080.3244,226406.279,1864696.9041,47121.4832
35,35,50,1,0.5700000000000001,1,1,1,1,1,1,1,1,1.1,1,1,1,1,1,418628.9962,147568.0111,477403.2057,227327.4056,704730.6114,1.1287608762140475,692398.3556,8931775.5934,10012791.6544,62.498910891403604,89.73936035564017,27.240449464236576,57.01655028689454,81.86748664023314,24.8509363533386,2039.0,2039.0,19.2054,19.2054,3.6154,3.2982,830425.4354,247948.2308,215459.272,1902867.6574,42837.712,910274.0349,247948.2308,275299.5226,2181090.1117,42837.712
36,36,50,1,0.5700000000000001,1,0,1,0,1,1,1,1,1,0.9,1,1,1,1,437775.8999,69538.4267,502191.5967,123608.3381,625799.9348,2.5437332420882854,144552.5415,8446270.1564,8428606.7057,64.21441218882794,73.05511436401761,8.840702175189675,58.58156901436937,66.6467709987529,8.065201984383522,2040.0,2040.0,21.3156,21.3156,0.9306,0.8489,742774.678,59723.9633,206640.0135,1551303.8309,34850.8495,814195.3201,59723.9633,258567.8027,1793137.8704,34850.8495
37,37,50,1,0.5700000000000001,1,0,0,1,1,1,1,1,1,0.9,1,1,1,1,437775.8999,37951.1443,502191.5967,88473.0461,590664.6428,1.7095824463976195,145966.8301,8446270.1564,8685853.3504,64.21441218882794,70.53675461983333,6.322342431005389,58.58156901436937,64.34932000405846,5.767750989689084,2039.0,2039.0,21.6379,21.6379,0.9733,0.8879,748464.5899,60278.9315,194464.3351,1518757.7345,39822.8339,820432.3389,60278.9315,244833.0908,1756031.8379,39822.8339
38,38,50,1,0.5700000000000001,1,0,1,1,1,1,1,1,1,0.9,1,1,1,1,437775.8999,104171.82,502191.5967,167158.8827,669350.4794,1.7390091874997176,290519.3715,8446270.1564,8765689.2337,64.21441218882794,77.62169077122078,13.40727858239285,58.58156901436937,70.81277052813124,12.231201513761865,2039.0,2039.0,20.0074,20.0074,1.7573,1.6031,761456.7605,120002.8948,216071.7345,1679301.9435,39822.8339,834673.7567,120002.8948,271781.6535,1935631.6183,39822.8339
39,39,50,1,0.5700000000000001,1,1,1,0,1,1,1,1,1,0.9,1,1,1,1,437775.8999,123243.8793,502191.5967,184677.3869,686868.9836,2.4812783434339125,239328.5373,8446270.1564,8516635.7247,64.21441218882794,80.24580630637765,16.03139411754971,58.58156901436937,73.20670049002872,14.625131475659357,2041.0,2041.0,20.4909,20.4909,1.402,1.279,760528.9079,94867.9063,225916.1539,1674015.3377,31682.5904,833656.6875,94867.9063,280970.7437,1928046.9115,31682.5904
40,40,50,1,0.5700000000000001,1,1,0,1,1,1,1,1,1,0.9,1,1,1,1,437775.8999,27987.9221,502191.5967,83806.0441,585997.6408,0.5796852748302029,453069.8182,8446270.1564,9369115.3195,64.21441218882794,77.33326232873975,13.118850139911803,58.58156901436937,70.54964282621873,11.968073811849354,2039.0,2039.0,21.1166,21.1166,2.7543,2.5127,787135.385,153080.3244,182964.5104,1631781.7538,42837.712,862821.4797,153080.3244,235186.3944,1879923.5514,42837.712
41,41,50,1,0.5700000000000001,1,1,1,1,1,1,1,1,1,0.9,1,1,1,1,437775.8999,146389.8053,502191.5967,221899.7416,724091.3383,1.1148262259748607,692398.3556,8446270.1564,9536980.2218,64.21441218882794,91.78685893453732,27.572446745709378,58.58156901436937,83.73538008063052,25.153811066261152,2040.0,2040.0,19.1277,19.1277,3.5359,3.2257,820561.5157,247948.2308,224137.4432,1915756.2693,38943.3745,899461.6614,247948.2308,284773.4081,2195218.0132,38943.3745
42,42,50,1,0.5700000000000001,1,0,1,0,1,1,1,1,1,1.1,1,1,1,1,419749.1484,70015.3692,478631.0649,128221.3782,606852.443,2.6132009943587207,144552.5415,8902832.5654,8876037.8663,62.498910891403604,71.34169642886009,8.842785537456482,57.01655028689454,65.08365288246884,8.067102595574296,2039.0,2039.0,21.4981,21.4981,0.9527,0.8691,752890.4408,59723.9633,199803.3366,1540518.1927,38335.9344,825283.7525,59723.9633,251119.0585,1781315.1517,38335.9344
43,43,50,1,0.5700000000000001,1,0,0,1,1,1,1,1,1,1.1,1,1,1,1,419749.1484,38255.2722,478631.0649,92942.7032,571573.7681,1.7758779435189969,145966.8301,8902832.5654,9133284.511,62.498910891403604,68.7373901405559,6.238479249152297,57.01655028689454,62.70779451419132,5.691244227296782,2038.0,2038.0,21.7861,21.7861,0.9985,0.9109,756592.3596,60278.9315,187617.5848,1506298.4138,43805.1172,829341.6249,60278.9315,237375.0638,1742374.5056,43805.1172
44,44,50,1,0.5700000000000001,1,0,1,1,1,1,1,1,1,1.1,1,1,1,1,419749.1484,107266.0258,478631.0649,174413.7537,653044.8185,1.803288417137834,290519.3715,8902832.5654,9213120.3943,62.498910891403604,77.62169077122078,15.122779879817186,57.01655028689454,70.81277052813124,13.796220241236696,2039.0,2039.0,20.5758,20.5758,1.7573,1.6031,782285.4314,120002.8948,210175.6093,1679301.9435,39822.8339,857505.1844,120002.8948,265255.8867,1935631.6183,39822.8339
45,45,50,1,0.5700000000000001,1,1,1,0,1,1,1,1,1,1.1,1,1,1,1,419749.1484,123961.5565,478631.0649,189517.2739,668148.3388,2.524843197351436,239328.5373,8902832.5654,8964066.8853,62.498910891403604,78.54724344118286,16.048332549779253,57.01655028689454,71.65713436739489,14.640584080500346,2040.0,2040.0,20.6605,20.6605,1.4316,1.306,772013.8059,94867.9063,218851.9545,1664295.2211,34850.8495,846245.9027,94867.9063,273279.171,1917392.1683,34850.8495
46,46,50,1,0.5700000000000001,1,1,0,1,1,1,1,1,1,1.1,1,1,1,1,419749.1484,28697.5317,478631.0649,88662.4837,567293.5486,0.6028402733345166,453069.8182,8902832.5654,9816546.4801,62.498910891403604,75.32713934413997,12.828228452736367,57.01655028689454,68.71949554202244,11.702945255127903,2038.0,2038.0,21.1984,21.1984,2.8269,2.5789,793968.4973,153080.3244,175273.7923,1617890.7773,47121.4832,870311.6221,153080.3244,226889.9258,1864696.9041,47121.4832
47,47,50,1,0.5700000000000001,1,1,1,1,1,1,1,1,1,1.1,1,1,1,1,419749.1484,147623.2511,478631.0649,227375.8764,706006.9413,1.1288718038376242,692398.3556,8902832.5654,9984411.3824,62.498910891403604,89.73936035564017,27.240449464236576,57.01655028689454,81.86748664023314,24.8509363533386,2039.0,2039.0,19.1706,19.1706,3.6154,3.2982,828808.8216,247948.2308,215900.4936,1902867.6574,42837.712,908501.9775,247948.2308,275795.2501,2181090.1117,42837.712
48,48,50,1,0.5700000000000001,1,0,1,0,1,1,1,1,1,1,0.9,1,1,1,439384.0023,70139.1021,503954.3243,124266.7708,628221.0951,2.5592384699596153,144552.5415,8574962.7787,8547699.2442,64.21441218882794,73.05511436401761,8.840702175189675,58.58156901436937,66.6467709987529,8.065201984383522,2040.0,2040.0,21.233,21.233,0.9306,0.8489,739629.9245,59723.9633,207575.9892,1551303.8309,34850.8495,810748.1865,59723.9633,259593.7761,1793137.8704,34850.8495
49,49,50,1,0.5700000000000001,1,0,0,1,1,1,1,1,1,1,0.9,1,1,1,439384.0023,38453.4616,503954.3243,89023.6632,592977.9875,1.7223718590606323,145966.8301,8574962.7787,8806793.9509,64.21441218882794,70.53675461983333,6.322342431005389,58.58156901436937,64.34932000405846,5.767750989689084,2039.0,2039.0,21.5578,21.5578,0.9733,0.8879,745461.3322,60278.9315,195357.173,1518757.7345,39822.8339,817140.3065,60278.9315,245811.7786,1756031.8379,39822.8339
50,50,50,1,0.5700000000000001,1,0,1,1,1,1,1,1,1,1,0.9,1,1,1,439384.0023,107586.6802,503954.3243,170680.1035,674634.4278,1.783293607149724,290519.3715,8574962.7787,8881056.8854,64.21441218882794,79.40196779525239,15.187555606424452,58.58156901436937,72.436882900932,13.855313886562632,2040.0,2040.0,20.3541,20.3541,1.7183,1.5676,768817.9049,120002.8948,218514.3884,1690508.4468,36202.5762,842742.7034,120002.8948,274333.0677,1947915.67,36202.5762
51,51,50,1,0.5700000000000001,1,1,1,0,1,1,1,1,1,1,0.9,1,1,1,439384.0023,124223.0617,503954.3243,185750.7214,689705.0457,2.4970755455715494,239328.5373,8574962.7787,8630042.2515,64.21441218882794,80.24580630637765,16.03139411754971,58.58156901436937,73.20670049002872,14.625131475659357,2041.0,2041.0,20.3979,20.3979,1.402,1.279,756861.769,94867.9063,226996.008,1674015.3377,31682.5904,829636.9391,94867.9063,282154.4299,1928046.9115,31682.5904
52,52,50,1,0.5700000000000001,1,1,0,1,1,1,1,1,1,1,0.9,1,1,1,439384.0023,29002.1245,503954.3243,84887.952,588842.2763,0.5891310238829249,453069.8182,8574962.7787,9483891.9724,64.21441218882794,77.33326232873975,13.118850139911803,58.58156901436937,70.54964282621873,11.968073811849354,2039.0,2039.0,21.021,21.021,2.7543,2.5127,783516.3176,153080.3244,183961.273,1631781.7538,42837.712,858854.425,153080.3244,236308.8136,1879923.5514,42837.712
53,53,50,1,0.5700000000000001,1,1,1,1,1,1,1,1,1,1,0.9,1,1,1,439384.0023,148400.1458,503954.3243,224103.3842,728057.7085,1.1267442207460148,692398.3556,8574962.7787,9640497.9142,64.21441218882794,91.78685893453732,27.572446745709378,58.58156901436937,83.73538008063052,25.153811066261152,2040.0,2040.0,19.0098,19.0098,3.5359,3.2257,815565.7366,247948.2308,225514.7793,1915756.2693,38943.3745,893985.519,247948.2308,286283.1803,2195218.0132,38943.3745
54,54,50,1,0.5700000000000001,1,0,1,0,1,1,1,1,1,1,1.1,1,1,1,418141.832,69419.441,476869.1987,127568.1491,604437.3479,2.5978904309567628,144552.5415,8774139.943,8756945.3279,62.498910891403604,71.34169642886009,8.842785537456482,57.01655028689454,65.08365288246884,8.067102595574296,2039.0,2039.0,21.5815,21.5815,0.9527,0.8691,756020.6075,59723.9633,198876.4146,1540518.1927,38335.9344,828714.8967,59723.9633,250103.0094,1781315.1517,38335.9344
55,55,50,1,0.5700000000000001,1,0,0,1,1,1,1,1,1,1,1.1,1,1,1,418141.832,37757.0739,476869.1987,92396.6012,569265.7999,1.7632809551559092,145966.8301,8774139.943,9012343.9105,62.498910891403604,68.7373901405559,6.238479249152297,57.01655028689454,62.70779451419132,5.691244227296782,2038.0,2038.0,21.8671,21.8671,0.9985,0.9109,759581.0551,60278.9315,186734.4041,1506298.4138,43805.1172,832617.695,60278.9315,236406.9619,1742374.5056,43805.1172
56,56,50,1,0.5700000000000001,1,0,1,1,1,1,1,1,1,1,1.1,1,1,1,418141.832,106154.6683,476869.1987,173195.5349,650064.7337,1.789244259120686,290519.3715,8774139.943,9097752.7426,62.498910891403604,77.62169077122078,15.122779879817186,57.01655028689454,70.81277052813124,13.796220241236696,2039.0,2039.0,20.6728,20.6728,1.7573,1.6031,786118.9053,120002.8948,209060.8092,1679301.9435,39822.8339,861707.2616,120002.8948,264033.8943,1935631.6183,39822.8339
57,57,50,1,0.5700000000000001,1,1,1,0,1,1,1,1,1,1,1.1,1,1,1,418141.832,120652.754,476869.1987,186115.7802,662984.9789,2.472604299229365,239328.5373,8774139.943,8850660.3586,62.498910891403604,76.7544533274813,14.255542436077697,57.01655028689454,70.0216065443689,13.00505625747436,2039.0,2039.0,20.3092,20.3092,1.4646,1.3362,764366.2097,94867.9063,216645.3138,1653009.9503,38335.9344,837862.9606,94867.9063,270969.9949,1905021.7752,38335.9344
58,58,50,1,0.5700000000000001,1,1,0,1,1,1,1,1,1,1,1.1,1,1,1,418141.832,27686.2548,476869.1987,87588.4918,564457.6905,0.5936181211476581,453069.8182,8774139.943,9701769.8273,62.498910891403604,75.32713934413997,12.828228452736367,57.01655028689454,68.71949554202244,11.702945255127903,2038.0,2038.0,21.2939,21.2939,2.8269,2.5789,797552.3585,153080.3244,174308.5244,1617890.7773,47121.4832,874240.0853,153080.3244,225797.3206,1864696.9041,47121.4832
59,59,50,1,0.5700000000000001,1,1,1,1,1,1,1,1,1,1,1.1,1,1,1,418141.832,145624.3488,476869.1987,225201.2332,702070.432,1.1171726777088495,692398.3556,8774139.943,9880893.6901,62.498910891403604,89.73936035564017,27.240449464236576,57.01655028689454,81.86748664023314,24.8509363533386,2039.0,2039.0,19.2874,19.2874,3.6154,3.2982,833751.1124,247948.2308,214564.4215,1902867.6574,42837.712,913919.4886,247948.2308,274314.2483,2181090.1117,42837.712
60,60,50,1,0.5700000000000001,1,0,1,0,1,1,1,1,1,1,1,0.9,1,1,436684.3165,69791.8444,500995.0534,123886.1228,624881.1762,2.55068288838064,144552.5415,8604240.4154,8580142.6695,64.21441218882794,73.05511436401761,8.840702175189675,58.58156901436937,66.6467709987529,8.065201984383522,2040.0,2040.0,21.3585,21.3585,0.9306,0.8489,743932.5204,59723.9633,206320.3369,1551303.8309,34850.8495,815464.4935,59723.9633,258217.388,1793137.8704,34850.8495
61,61,50,1,0.5700000000000001,1,0,0,1,1,1,1,1,1,1,1,0.9,1,1,436684.3165,38076.5402,500995.0534,88610.4993,589605.5527,1.71324244782676,145966.8301,8604240.4154,8838488.7668,64.21441218882794,70.53675461983333,6.322342431005389,58.58156901436937,64.34932000405846,5.767750989689084,2039.0,2039.0,21.6857,21.6857,0.9733,0.8879,749799.8156,60278.9315,194095.2969,1518757.7345,39822.8339,821895.9517,60278.9315,244428.5682,1756031.8379,39822.8339
62,62,50,1,0.5700000000000001,1,0,1,1,1,1,1,1,1,1,1,0.9,1,1,436684.3165,104600.5909,500995.0534,167628.8816,668623.935,1.7447361083526503,290519.3715,8604240.4154,8916067.4622,64.21441218882794,77.62169077122078,13.40727858239285,58.58156901436937,70.81277052813124,12.231201513761865,2039.0,2039.0,20.0381,20.0381,1.7573,1.6031,762366.2919,120002.8948,215825.0155,1679301.9435,39822.8339,835670.7431,120002.8948,271511.2116,1935631.6183,39822.8339
63,63,50,1,0.5700000000000001,1,1,1,0,1,1,1,1,1,1,1,0.9,1,1,436684.3165,121539.7481,500995.0534,183015.5164,684010.5698,2.455293040323989,239328.5373,8604240.4154,8665179.8049,64.21441218882794,78.54724344118286,14.332831252354918,58.58156901436937,71.65713436739489,13.075565353025516,2040.0,2040.0,20.0997,20.0997,1.4316,1.306,751703.8743,94867.9063,224648.5264,1664295.2211,34850.8495,823983.093,94867.9063,279679.7497,1917392.1683,34850.8495
64,64,50,1,0.5700000000000001,1,1,0,1,1,1,1,1,1,1,1,0.9,1,1,436684.3165,28408.5834,500995.0534,84279.5178,585274.5711,0.5843875160114486,453069.8182,8604240.4154,9517264.203,64.21441218882794,77.33326232873975,13.118850139911803,58.58156901436937,70.54964282621873,11.968073811849354,2039.0,2039.0,21.1436,21.1436,2.7543,2.5127,788015.2021,153080.3244,182755.6153,1631781.7538,42837.712,863785.8947,153080.3244,234945.0492,1879923.5514,42837.712
65,65,50,1,0.5700000000000001,1,1,1,1,1,1,1,1,1,1,1,0.9,1,1,436684.3165,147302.8531,500995.0534,222900.5825,723895.6358,1.1206701569237176,692398.3556,8604240.4154,9679880.0338,64.21441218882794,91.78685893453732,27.572446745709378,58.58156901436937,83.73538008063052,25.153811066261152,2040.0,2040.0,19.1342,19.1342,3.5359,3.2257,820776.1233,247948.2308,224101.3711,1915756.2693,38943.3745,899696.9044,247948.2308,284733.8676,2195218.0132,38943.3745
66,66,50,1,0.5700000000000001,1,0,1,0,1,1,1,1,1,1,1,1.1,1,1,420800.8733,69769.3947,479783.9171,127951.7523,607735.6694,2.6064414569089873,144552.5415,8744862.3064,8724501.9026,62.498910891403604,71.34169642886009,8.842785537456482,57.01655028689454,65.08365288246884,8.067102595574296,2039.0,2039.0,21.4584,21.4584,0.9527,0.8691,751779.641,59723.9633,200108.3861,1540518.1927,38335.9344,824066.1449,59723.9633,251453.4397,1781315.1517,38335.9344
67,67,50,1,0.5700000000000001,1,0,0,1,1,1,1,1,1,1,1,1.1,1,1,420800.8733,38132.7634,479783.9171,92808.4147,572592.3318,1.7722777697804573,145966.8301,8744862.3064,8980649.0946,62.498910891403604,68.7373901405559,6.238479249152297,57.01655028689454,62.70779451419132,5.691244227296782,2038.0,2038.0,21.7415,21.7415,0.9985,0.9109,755311.2444,60278.9315,187969.4839,1506298.4138,43805.1172,827937.3256,60278.9315,237760.7994,1742374.5056,43805.1172
68,68,50,1,0.5700000000000001,1,0,1,1,1,1,1,1,1,1,1,1.1,1,1,420800.8733,106890.8709,479783.9171,174002.5262,653786.4434,1.7980858151962602,290519.3715,8744862.3064,9062742.1658,62.498910891403604,77.62169077122078,15.122779879817186,57.01655028689454,70.81277052813124,13.796220241236696,2039.0,2039.0,20.5451,20.5451,1.7573,1.6031,781375.9,120002.8948,210408.5707,1679301.9435,39822.8339,856508.198,120002.8948,265511.2482,1935631.6183,39822.8339
69,69,50,1,0.5700000000000001,1,1,1,0,1,1,1,1,1,1,1,1.1,1,1,420800.8733,123567.9912,479783.9171,189085.8658,668869.783,2.5180233588515173,239328.5373,8744862.3064,8815522.8052,62.498910891403604,78.54724344118286,16.048332549779253,57.01655028689454,71.65713436739489,14.640584080500346,2040.0,2040.0,20.6295,20.6295,1.4316,1.306,771124.9437,94867.9063,219082.6571,1664295.2211,34850.8495,845271.5729,94867.9063,273532.0566,1917392.1683,34850.8495
70,70,50,1,0.5700000000000001,1,1,0,1,1,1,1,1,1,1,1,1.1,1,1,420800.8733,28289.8918,479783.9171,88203.2819,567987.199,0.5982761069151615,453069.8182,8744862.3064,9668397.5967,62.498910891403604,75.32713934413997,12.828228452736367,57.01655028689454,68.71949554202244,11.702945255127903,2038.0,2038.0,21.1736,21.1736,2.8269,2.5789,793126.7983,153080.3244,175471.4062,1617890.7773,47121.4832,869388.9905,153080.3244,227118.9069,1864696.9041,47121.4832
71,71,50,1,0.5700000000000001,1,1,1,1,1,1,1,1,1,1,1,1.1,1,1,420800.8733,146730.8496,479783.9171,226393.4484,706177.3655,1.1231796852994214,692398.3556,8744862.3064,9841511.5705,62.498910891403604,89.73936035564017,27.240449464236576,57.01655028689454,81.86748664023314,24.8509363533386,2039.0,2039.0,19.1656,19.1656,3.6154,3.2982,828617.2748,247948.2308,215932.717,1902867.6574,42837.712,908292.0128,247948.2308,275834.7906,2181090.1117,42837.712
72,72,50,1,0.5700000000000001,1,0,1,0,1,1,1,1,1,1,1,1,0.9,1,445650.3576,69664.8048,510823.2138,123746.8679,634570.0817,2.5460527416972685,144552.5415,8496274.0857,8474045.0108,64.21441218882794,73.05511436401761,8.840702175189675,58.58156901436937,66.6467709987529,8.065201984383522,2040.0,2040.0,21.0077,21.0077,0.9306,0.8489,731439.2671,59723.9633,209974.5886,1551303.8309,34850.8495,801769.9658,59723.9633,262223.0101,1793137.8704,34850.8495
73,73,50,1,0.5700000000000001,1,0,0,1,1,1,1,1,1,1,1,1,0.9,1,445650.3576,39175.3655,510823.2138,89814.9809,600638.1947,1.7395096351545911,145966.8301,8496274.0857,8707480.4031,64.21441218882794,70.53675461983333,6.322342431005389,58.58156901436937,64.34932000405846,5.767750989689084,2039.0,2039.0,21.2777,21.2777,0.9733,0.8879,735609.8199,60278.9315,198220.4261,1518757.7345,39822.8339,806341.5333,60278.9315,248950.3445,1756031.8379,39822.8339
74,74,50,1,0.5700000000000001,1,0,1,1,1,1,1,1,1,1,1,1,0.9,1,445650.3576,107853.198,510823.2138,170972.248,681795.4618,1.7855660147293688,290519.3715,8496274.0857,8787316.2864,64.21441218882794,79.40196779525239,15.187555606424452,58.58156901436937,72.436882900932,13.855313886562632,2040.0,2040.0,20.1186,20.1186,1.7183,1.5676,759660.0473,120002.8948,221139.3729,1690508.4468,36202.5762,832704.2826,120002.8948,277210.4545,1947915.67,36202.5762
75,75,50,1,0.5700000000000001,1,1,1,0,1,1,1,1,1,1,1,1,0.9,1,445650.3576,123481.1071,510823.2138,184937.425,695760.6389,2.4840193956482737,239328.5373,8496274.0857,8562074.0298,64.21441218882794,80.24580630637765,16.03139411754971,58.58156901436937,73.20670049002872,14.625131475659357,2041.0,2041.0,20.2011,20.2011,1.402,1.279,749082.6472,94867.9063,229250.7291,1674015.3377,31682.5904,821109.8248,94867.9063,284625.9511,1928046.9115,31682.5904
76,76,50,1,0.5700000000000001,1,1,0,1,1,1,1,1,1,1,1,1,0.9,1,445650.3576,31048.7073,510823.2138,87044.8075,597868.0214,0.6066357483183479,453069.8182,8496274.0857,9346549.919,64.21441218882794,77.33326232873975,13.118850139911803,58.58156901436937,70.54964282621873,11.968073811849354,2039.0,2039.0,20.7125,20.7125,2.7543,2.5127,772162.6665,153080.3244,187001.986,1631781.7538,42837.712,846409.0767,153080.3244,239728.4169,1879923.5514,42837.712
77,77,50,1,0.5700000000000001,1,1,1,1,1,1,1,1,1,1,1,1,0.9,1,445650.3576,149568.1948,510823.2138,225383.7455,736206.9594,1.1324541922511244,692398.3556,8496274.0857,9514414.8213,64.21441218882794,91.78685893453732,27.572446745709378,58.58156901436937,83.73538008063052,25.153811066261152,2040.0,2040.0,18.7729,18.7729,3.5359,3.2257,805365.0689,247948.2308,228281.0427,1915756.2693,38943.3745,882804.0179,247948.2308,289315.4306,2195218.0132,38943.3745
78,78,50,1,0.5700000000000001,1,0,1,0,1,1,1,1,1,1,1,1,1.1,1,411971.1327,66945.0481,470105.163,125139.4049,595244.568,2.546788365795466,144552.5415,8852828.6361,8830599.5612,62.498910891403604,69.53466199301829,7.035751101614689,57.01655028689454,63.43513023924475,6.418579952350206,2038.0,2038.0,21.3334,21.3334,0.9772,0.8915,751561.6567,59723.9633,195634.4343,1528005.763,42169.5279,823827.2006,59723.9633,246634.344,1767599.6037,42169.5279
79,79,50,1,0.5700000000000001,1,0,0,1,1,1,1,1,1,1,1,1,1.1,1,411971.1327,37047.0292,470105.163,91618.283,561723.446,1.7466052441601583,145966.8301,8852828.6361,9111657.4583,62.498910891403604,68.7373901405559,6.238479249152297,57.01655028689454,62.70779451419132,5.691244227296782,2038.0,2038.0,22.1404,22.1404,0.9985,0.9109,769264.5687,60278.9315,183931.6344,1506298.4138,43805.1172,843232.3157,60278.9315,233334.6951,1742374.5056,43805.1172
80,80,50,1,0.5700000000000001,1,0,1,1,1,1,1,1,1,1,1,1,1.1,1,411971.1327,103397.1015,470105.163,170416.3452,640521.5083,1.754230379900542,290519.3715,8852828.6361,9191493.3416,62.498910891403604,75.73088254954159,13.23197165813799,57.01655028689454,69.08782267677476,12.071272389880228,2038.0,2038.0,20.4283,20.4283,1.8006,1.6427,781993.1291,120002.8948,205040.0645,1666209.4398,43805.1172,857184.7761,120002.8948,259765.9236,1921280.22,43805.1172
81,81,50,1,0.5700000000000001,1,1,1,0,1,1,1,1,1,1,1,1,1.1,1,411971.1327,121455.6733,470105.163,186995.9033,657101.0663,2.4862459575750493,239328.5373,8852828.6361,8918628.5802,62.498910891403604,76.7544533274813,14.255542436077697,57.01655028689454,70.0216065443689,13.00505625747436,2039.0,2039.0,20.4982,20.4982,1.4646,1.3362,771952.0689,94867.9063,214427.2345,1653009.9503,38335.9344,846178.2294,94867.9063,268538.6388,1905021.7752,38335.9344
82,82,50,1,0.5700000000000001,1,1,0,1,1,1,1,1,1,1,1,1,1.1,1,411971.1327,25646.2678,470105.163,85465.5807,555570.7438,0.5766566000597263,453069.8182,8852828.6361,9839111.8806,62.498910891403604,75.32713934413997,12.828228452736367,57.01655028689454,68.71949554202244,11.702945255127903,2038.0,2038.0,21.594,21.594,2.8269,2.5789,808687.5612,153080.3244,171384.008,1617890.7773,47121.4832,886445.9805,153080.3244,222478.3722,1864696.9041,47121.4832
83,83,50,1,0.5700000000000001,1,1,1,1,1,1,1,1,1,1,1,1,1.1,1,411971.1327,144453.1234,470105.163,223917.39,694022.5531,1.1115849481339524,692398.3556,8852828.6361,10006976.7829,62.498910891403604,89.73936035564017,27.240449464236576,57.01655028689454,81.86748664023314,24.8509363533386,2039.0,2039.0,19.5178,19.5178,3.6154,3.2982,843781.5402,247948.2308,211875.9184,1902867.6574,42837.712,924914.3806,247948.2308,271367.2353,2181090.1117,42837.712
84,84,50,1,0.5700000000000001,1,0,1,0,1,1,1,1,1,1,1,1,1,0.9,435301.4204,66754.4884,499479.1865,120846.4259,620325.6124,2.484045204487602,144552.5415,8642448.5178,8620219.4429,64.21441218882794,71.34169642886009,7.127284240032146,58.58156901436937,65.08365288246884,6.502083868099464,2039.0,2039.0,21.0191,21.0191,0.9527,0.8691,735530.107,59723.9633,204872.2792,1540518.1927,38335.9344,806254.1557,59723.9633,256675.4858,1781315.1517,38335.9344
85,85,50,1,0.5700000000000001,1,0,0,1,1,1,1,1,1,1,1,1,1,0.9,435301.4204,38153.7111,499479.1865,88695.0905,588174.277,1.715978230323035,145966.8301,8642448.5178,8872586.8698,64.21441218882794,70.53675461983333,6.322342431005389,58.58156901436937,64.34932000405846,5.767750989689084,2039.0,2039.0,21.7689,21.7689,0.9733,0.8879,751581.2139,60278.9315,193619.6237,1518757.7345,39822.8339,823848.6383,60278.9315,243907.1572,1756031.8379,39822.8339
86,86,50,1,0.5700000000000001,1,0,1,1,1,1,1,1,1,1,1,1,1,0.9,435301.4204,104354.9449,499479.1865,167380.9271,666860.1136,1.7422218693430047,290519.3715,8642448.5178,8952422.7531,64.21441218882794,77.62169077122078,13.40727858239285,58.58156901436937,70.81277052813124,12.231201513761865,2039.0,2039.0,20.1262,20.1262,1.7573,1.6031,764573.3846,120002.8948,215246.4649,1679301.9435,39822.8339,838090.0562,120002.8948,270855.7199,1935631.6183,39822.8339
87,87,50,1,0.5700000000000001,1,1,1,0,1,1,1,1,1,1,1,1,1,0.9,435301.4204,120930.9597,499479.1865,182373.6398,681852.8263,2.446194193212296,239328.5373,8642448.5178,8708248.4619,64.21441218882794,78.54724344118286,14.332831252354918,58.58156901436937,71.65713436739489,13.075565353025516,2040.0,2040.0,20.2073,20.2073,1.4316,1.306,754423.1881,94867.9063,223920.8971,1664295.2211,34850.8495,826963.8793,94867.9063,278856.7069,1917392.1683,34850.8495
88,88,50,1,0.5700000000000001,1,1,0,1,1,1,1,1,1,1,1,1,1,0.9,435301.4204,28527.1736,499479.1865,84447.3975,583926.584,0.58684141240135,453069.8182,8642448.5178,9542538.2115,64.21441218882794,77.33326232873975,13.118850139911803,58.58156901436937,70.54964282621873,11.968073811849354,2039.0,2039.0,21.2131,21.2131,2.7543,2.5127,789604.3535,153080.3244,182430.7698,1631781.7538,42837.712,865527.8491,153080.3244,234551.0818,1879923.5514,42837.712
89,89,50,1,0.5700000000000001,1,1,1,1,1,1,1,1,1,1,1,1,1,0.9,435301.4204,146861.1299,499479.1865,222416.386,721895.5725,1.118741371403541,692398.3556,8642448.5178,9710403.1138,64.21441218882794,91.78685893453732,27.572446745709378,58.58156901436937,83.73538008063052,25.153811066261152,2040.0,2040.0,19.2165,19.2165,3.5359,3.2257,823144.2539,247948.2308,223557.8598,1915756.2693,38943.3745,902292.7398,247948.2308,284138.0955,2195218.0132,38943.3745
90,90,50,1,0.5700000000000001,1,0,1,0,1,1,1,1,1,1,1,1,1,1.1,422121.6667,70165.3882,481231.7099,128385.822,609617.532,2.61595439141033,144552.5415,8706654.204,8684425.1291,62.498910891403604,71.34169642886009,8.842785537456482,57.01655028689454,65.08365288246884,8.067102595574296,2039.0,2039.0,21.3578,21.3578,0.9527,0.8691,749422.1039,59723.9633,200749.1362,1540518.1927,38335.9344,821481.9216,59723.9633,252155.8005,1781315.1517,38335.9344
91,91,50,1,0.5700000000000001,1,0,0,1,1,1,1,1,1,1,1,1,1,1.1,422121.6667,38060.5778,481231.7099,92703.2799,573934.9898,1.7696151876738242,145966.8301,8706654.204,8946550.9916,62.498910891403604,68.7373901405559,6.238479249152297,57.01655028689454,62.70779451419132,5.691244227296782,2038.0,2038.0,21.6635,21.6635,0.9985,0.9109,753618.4391,60278.9315,188413.6814,1506298.4138,43805.1172,826081.7506,60278.9315,238273.7165,1742374.5056,43805.1172
92,92,50,1,0.5700000000000001,1,0,1,1,1,1,1,1,1,1,1,1,1,1.1,422121.6667,107214.035,481231.7099,174356.7638,655588.4737,1.8014460667488503,290519.3715,8706654.204,9026386.8749,62.498910891403604,77.62169077122078,15.122779879817186,57.01655028689454,70.81277052813124,13.796220241236696,2039.0,2039.0,20.457,20.457,1.7573,1.6031,779168.8073,120002.8948,210971.7059,1679301.9435,39822.8339,854088.8849,120002.8948,266128.531,1935631.6183,39822.8339
93,93,50,1,0.5700000000000001,1,1,1,0,1,1,1,1,1,1,1,1,1,1.1,422121.6667,124251.4145,481231.7099,189835.0029,671066.7129,2.528192367062749,239328.5373,8706654.204,8772454.1481,62.498910891403604,78.54724344118286,16.048332549779253,57.01655028689454,71.65713436739489,14.640584080500346,2040.0,2040.0,20.5219,20.5219,1.4316,1.306,768405.6299,94867.9063,219797.7541,1664295.2211,34850.8495,842290.7866,94867.9063,274315.913,1917392.1683,34850.8495
94,94,50,1,0.5700000000000001,1,1,0,1,1,1,1,1,1,1,1,1,1,1.1,422121.6667,30274.2694,481231.7099,90167.8134,571399.5233,0.6239933669414007,453069.8182,8706654.204,9643123.5881,62.498910891403604,77.33326232873975,14.834351437336139,57.01655028689454,70.54964282621873,13.533092539324185,2039.0,2039.0,21.5915,21.5915,2.7543,2.5127,805495.0873,153080.3244,177972.694,1631781.7538,42837.712,882946.538,153080.3244,229659.4536,1879923.5514,42837.712
95,95,50,1,0.5700000000000001,1,1,1,1,1,1,1,1,1,1,1,1,1,1.1,422121.6667,148476.5875,481231.7099,228071.1362,709302.8462,1.1410481756771014,692398.3556,8706654.204,9810988.4904,62.498910891403604,91.78685893453732,29.287948043133714,57.01655028689454,83.73538008063052,26.71882979373598,2040.0,2040.0,19.5441,19.5441,3.5359,3.2257,839177.5713,247948.2308,219088.8384,1915756.2693,38943.3745,919867.7224,247948.2308,279155.8393,2195218.0132,38943.3745
96,96,50,1,0.5700000000000001,1,0,1,0,1,1,1,1,1,1,1,1,1,1,426952.545,70218.9369,486527.0957,128444.5197,614971.6153,2.6169372059141867,144552.5415,8674551.3609,8652322.286,62.498910891403604,71.34169642886009,8.842785537456482,57.01655028689454,65.08365288246884,8.067102595574296,2039.0,2039.0,21.1885,21.1885,0.9527,0.8691,742476.1054,59723.9633,202810.7077,1540518.1927,38335.9344,813868.0386,59723.9633,254415.6,1781315.1517,38335.9344
97,97,50,1,0.5700000000000001,1,0,0,1,1,1,1,1,1,1,1,1,1,1,426952.545,38315.4893,486527.0957,92969.9842,579497.0799,1.7758779435189989,145966.8301,8674551.3609,8909568.9307,62.498910891403604,68.7373901405559,6.238479249152297,57.01655028689454,62.70779451419132,5.691244227296782,2038.0,2038.0,21.4816,21.4816,0.9985,0.9109,746381.5919,60278.9315,190564.7389,1506298.4138,43805.1172,818149.0526,60278.9315,240644.3243,1742374.5056,43805.1172
98,98,50,1,0.5700000000000001,1,0,1,1,1,1,1,1,1,1,1,1,1,1,426952.545,107543.4885,486527.0957,174704.2113,661231.307,1.8051478831423386,290519.3715,8674551.3609,8989404.814,62.498910891403604,77.62169077122078,15.122779879817186,57.01655028689454,70.81277052813124,13.796220241236696,2039.0,2039.0,20.2916,20.2916,1.7573,1.6031,771871.0959,120002.8948,213109.0854,1679301.9435,39822.8339,846089.4705,120002.8948,268485.112,1935631.6183,39822.8339
99,99,50,1,0.5700000000000001,1,1,1,0,1,1,1,1,1,1,1,1,1,1,426952.545,124350.1857,486527.0957,189943.0344,676470.1301,2.529333619907672,239328.5373,8674551.3609,8740351.305,62.498910891403604,78.54724344118286,16.048332549779253,57.01655028689454,71.65713436739489,14.640584080500346,2040.0,2040.0,20.3646,20.3646,1.4316,1.306,761414.409,94867.9063,221859.3256,1664295.2211,34850.8495,834627.3329,94867.9063,276575.9494,1917392.1683,34850.8495
100,100,50,1,0.5700000000000001,1,1,0,1,1,1,1,1,1,1,1,1,1,1,426952.545,31159.7201,486527.0957,91138.4036,577665.4993,0.6315329485511427,453069.8182,8674551.3609,9592830.8998,62.498910891403604,77.33326232873975,14.834351437336139,57.01655028689454,70.54964282621873,13.533092539324185,2039.0,2039.0,21.4023,21.4023,2.7543,2.5127,797549.7204,153080.3244,180201.7319,1631781.7538,42837.712,874237.1935,153080.3244,232102.8221,1879923.5514,42837.712
101,101,50,1,0.5700000000000001,1,1,1,1,1,1,1,1,1,1,1,1,1,1,426952.545,149433.3301,486527.0957,229072.1136,715599.2093,1.1460181935853082,692398.3556,8674551.3609,9760695.8021,62.498910891403604,91.78685893453732,29.287948043133714,57.01655028689454,83.73538008063052,26.71882979373598,2040.0,2040.0,19.3803,19.3803,3.5359,3.2257,831160.9126,247948.2308,221317.8763,1915756.2693,38943.3745,911080.2311,247948.2308,281646.9674,2195218.0132,38943.3745
