,ID,E_Brent,Opt_Basica,PP,BR,AR,WO,NW_br,NW_ar,opt_C,opt_I,E1,E2,E3,E4,capex_h,produc_h,Fixed_Costs_h,Semi_Fixed_h,Gross_Fluid_h,Water_Injected_h,Producer_Well_h,WI_Well_h,VPN_Basica_porta,VPN_Total_porta,VPN_incremental_porta,VPN_Basica,VPN_incremental,VPN_Total,EFI_INCREMENTAL,capex,opex_basica,opex_incremental,volumen_B_LE,volumen_I_LE,volumen_T_LE,volumen_B_LE_p,volumen_I_LE_p,volumen_T_LE_p,LE_year_p,LE_year_b,lc_p,lc_b,dc_p,dc_b,opex_ing_p,capex_ing_p,impuesto_ing_p,ingreso_ing_p,abandono_ing_p,opex_ing_b,capex_ing_b,impuesto_ing_b,ingreso_ing_b,abandono_ing_b
0,0,50,1,0.5700000000000001,0,0,0,0,0,1,1,0,0,0,0,0.9,1,1,1,1,1,1,1,198897.1856,198897.1856,0,331884.8774,-80809.6078,251075.2696,0.0,0,7116184.7947,7116184.7947,38.43673296751828,33.52025273275515,-4.916480234763141,33.52025273275515,33.52025273275515,0.0,2030.0,2030.0,22.7598,22.7598,0,0,561507.3488,0,108922.9839,980116.8176,110789.2992,561507.3488,0,132126.423,1055498.3407,110789.2992
1,1,50,1,0.5700000000000001,1,0,1,0,0,1,1,0,0,0,0,0.9,1,1,1,1,1,1,1,198897.1856,276260.8442,77363.6586,331884.8774,-1129.8516,330755.0259,0.0,130097.2873,7116184.7947,7196020.678,38.43673296751828,40.52721251647615,2.090479548957861,33.52025273275515,40.52721251647615,7.006959783721002,2031.0,2031.0,20.82,20.82,1.375,1.375,598603.3697,53751.5669,126304.9203,1155638.246,100717.5448,598603.3697,53751.5669,150525.9967,1234353.5039,100717.5448
2,2,50,1,0.5700000000000001,1,0,1,1,1,1,1,0,0,0,0,0.9,1,1,1,1,1,1,1,198897.1856,324771.7804,125874.5948,331884.8774,48782.3702,380667.2476,0.42438502450769167,261467.4344,7116184.7947,7533103.206,38.43673296751828,46.96998494645401,8.533251978935725,33.52025273275515,46.96998494645401,13.449732213698866,2032.0,2032.0,20.1494,20.1494,2.3821,2.3821,646858.2971,108002.6053,135289.2009,1309091.0797,94169.196,646858.2971,108002.6053,160118.5197,1389815.8657,94169.196
3,3,50,1,0.5700000000000001,1,1,1,1,0,1,1,0,0,0,0,0.9,1,1,1,1,1,1,1,198897.1856,381935.0626,183037.877,331884.8774,106199.8835,438084.7609,0.8630537257911299,346765.8307,7116184.7947,7621132.225,38.43673296751828,52.850379834283345,14.413646866765063,33.52025273275515,52.850379834283345,19.330127101528202,2033.0,2033.0,19.3818,19.3818,2.8058,2.8058,676064.0546,139632.1541,152437.1718,1436628.7542,86560.3111,676064.0546,139632.1541,177376.0684,1517717.3491,86560.3111
4,4,50,1,0.5700000000000001,1,1,1,1,1,1,1,0,0,0,0,0.9,1,1,1,1,1,1,1,198897.1856,381508.0362,182610.8506,331884.8774,105772.8571,437657.7345,0.4981889818937177,623158.52,7116184.7947,8304394.1941,38.43673296751828,59.43122453616801,20.994491568649725,33.52025273275515,59.43122453616801,25.910971803412867,2034.0,2034.0,19.4113,19.4113,4.4835,4.4835,727106.1965,223153.4077,143526.6463,1557490.0108,82195.7241,727106.1965,223153.4077,168465.5429,1638578.6057,82195.7241
5,5,50,1,0.5700000000000001,1,1,1,1,1,1,1,1,0,0,0,0.9,1,1,1,1,1,1,1,198897.1856,543993.1467,345095.9611,331884.8774,268250.9843,600135.8617,0.9329293022907071,976502.5093,7116184.7947,8827695.1784,38.43673296751828,86.30656054506181,47.86982757754353,33.52025273275515,86.30656054506181,52.786307812306674,2040.0,2040.0,18.7145,18.7145,4.8324,4.8324,846895.9957,352791.6592,199009.1405,1990542.1473,47852.2053,846895.9957,352791.6592,223945.0442,2071620.7661,47852.2053
6,6,50,1,0.5700000000000001,1,1,1,1,1,1,1,1,1,0,0,0.9,1,1,1,1,1,1,1,198897.1856,555000.2281,356103.0425,331884.8774,279258.0657,611142.9431,0.7171444660130196,1358062.4532,7116184.7947,9566874.2927,38.43673296751828,98.82759782967499,60.3908648621567,33.52025273275515,98.82759782967499,65.30734509691983,2042.0,2042.0,18.6929,18.6929,5.864,5.864,907063.468,474943.546,199475.5259,2178081.1385,41598.3706,907063.468,474943.546,224411.4297,2259159.7573,41598.3706
7,7,50,1,0.5700000000000001,1,1,1,1,1,1,1,1,1,1,0,0.9,1,1,1,1,1,1,1,198897.1856,508537.6125,309640.4269,331884.8774,232795.4501,564680.3275,0.41329397756199693,2403550.2972,7116184.7947,11605475.9158,38.43673296751828,127.62613134557353,89.18939837805523,33.52025273275515,127.62613134557353,94.10587861281837,2046.0,2046.0,19.0361,19.0361,8.0314,8.0314,1026045.1613,721102.9609,203362.2073,2491600.1622,32552.2202,1026045.1613,721102.9609,228298.1111,2572678.781,32552.2202
8,8,50,1,0.5700000000000001,1,1,1,1,1,1,1,1,1,1,1,0.9,1,1,1,1,1,1,1,198897.1856,431755.3882,232858.2026,331884.8774,156013.2258,487898.1032,0.2911946361770817,3087080.6634,7116184.7947,12821976.3894,38.43673296751828,143.93888070650013,105.50214773898183,33.52025273275515,143.93888070650013,110.41862797374496,2049.0,2049.0,19.8535,19.8535,9.154,9.154,1082628.0575,829354.6565,223620.632,2593855.4399,26496.7056,1082628.0575,829354.6565,248556.5358,2674934.0587,26496.7056
9,9,50,1,0.5700000000000001,0,0,0,0,0,1,1,0,0,0,0,1.1,1,1,1,1,1,1,1,198897.1856,198897.1856,0,331884.8774,-80809.6078,251075.2696,0.0,0,7116184.7947,7116184.7947,38.43673296751828,33.52025273275515,-4.916480234763141,33.52025273275515,33.52025273275515,0.0,2030.0,2030.0,22.7598,22.7598,0,0,561507.3488,0,108922.9839,980116.8176,110789.2992,561507.3488,0,132126.423,1055498.3407,110789.2992
10,10,50,1,0.5700000000000001,1,0,1,0,0,1,1,0,0,0,0,1.1,1,1,1,1,1,1,1,198897.1856,269606.6345,70709.4489,331884.8774,-7784.0613,324100.8162,0.0,159007.7956,7116184.7947,7196020.678,38.43673296751828,40.52721251647615,2.090479548957861,33.52025273275515,40.52721251647615,7.006959783721002,2031.0,2031.0,20.82,20.82,1.6805,1.6805,598603.3697,65696.3596,121014.3374,1155638.246,100717.5448,598603.3697,65696.3596,145235.4137,1234353.5039,100717.5448
11,11,50,1,0.5700000000000001,1,0,1,1,1,1,1,0,0,0,0,1.1,1,1,1,1,1,1,1,198897.1856,310388.4154,111491.2298,331884.8774,34399.0051,366283.8825,0.16101730703474143,319571.3087,7116184.7947,7533103.206,38.43673296751828,46.96998494645401,8.533251978935725,33.52025273275515,46.96998494645401,13.449732213698866,2032.0,2032.0,20.1494,20.1494,2.9114,2.9114,646858.2971,132003.1843,125092.4777,1309091.0797,94748.7053,646858.2971,132003.1843,149921.7966,1389815.8657,94748.7053
12,12,50,1,0.5700000000000001,1,1,1,1,0,1,1,0,0,0,0,1.1,1,1,1,1,1,1,1,198897.1856,362870.3551,163973.1695,331884.8774,87135.176,419020.0534,0.5199879233292676,423824.9041,7116184.7947,7621132.225,38.43673296751828,52.850379834283345,14.413646866765063,33.52025273275515,52.850379834283345,19.330127101528202,2033.0,2033.0,19.3818,19.3818,3.4293,3.4293,676064.0546,170661.5216,139734.1404,1436628.7542,87298.6824,676064.0546,170661.5216,164673.037,1517717.3491,87298.6824
13,13,50,1,0.5700000000000001,1,1,1,1,1,1,1,0,0,0,0,1.1,1,1,1,1,1,1,1,198897.1856,347238.7521,148341.5664,331884.8774,71503.5729,403388.4504,0.22047380928628155,761638.1911,7116184.7947,8304394.1941,38.43673296751828,59.43122453616801,20.994491568649725,33.52025273275515,59.43122453616801,25.910971803412867,2034.0,2034.0,19.4113,19.4113,5.4799,5.4799,727106.1965,272743.0538,126756.2527,1557490.0108,83645.7556,727106.1965,272743.0538,151695.1493,1638578.6057,83645.7556
14,14,50,1,0.5700000000000001,1,1,1,1,1,1,1,1,0,0,0,1.1,1,1,1,1,1,1,1,198897.1856,491165.4114,292268.2258,331884.8774,215423.249,547308.1264,0.5788400479456269,1193503.0669,7116184.7947,8827695.1784,38.43673296751828,86.30656054506181,47.86982757754353,33.52025273275515,86.30656054506181,52.786307812306674,2040.0,2040.0,18.7145,18.7145,5.9063,5.9063,846895.9957,431189.8057,172296.9216,1990542.1473,48994.0129,846895.9957,431189.8057,197232.8254,2071620.7661,48994.0129
15,15,50,1,0.5700000000000001,1,1,1,1,1,1,1,1,1,0,0,1.1,1,1,1,1,1,1,1,198897.1856,481708.6981,282811.5125,331884.8774,205966.5357,537851.4131,0.40252582712349305,1659854.1094,7116184.7947,9566874.2927,38.43673296751828,98.82759782967499,60.3908648621567,33.52025273275515,98.82759782967499,65.30734509691983,2042.0,2042.0,18.6929,18.6929,7.1671,7.1671,907063.468,580486.5562,165824.6045,2178081.1385,42997.8118,907063.468,580486.5562,190760.5082,2259159.7573,42997.8118
16,16,50,1,0.5700000000000001,1,1,1,1,1,1,1,1,1,1,0,1.1,1,1,1,1,1,1,1,198897.1856,374978.4922,176081.3065,331884.8774,99236.3298,431121.2072,0.15420309958199532,2937672.5854,7116184.7947,11605475.9158,38.43673296751828,127.62613134557353,89.18939837805523,33.52025273275515,127.62613134557353,94.10587861281837,2046.0,2046.0,19.0361,19.0361,9.8161,9.8161,1026045.1613,881348.0633,174800.394,2491600.1622,34428.0515,1026045.1613,881348.0633,199736.2978,2572678.781,34428.0515
17,17,50,1,0.5700000000000001,1,1,1,1,1,1,1,1,1,1,1,1.1,1,1,1,1,1,1,1,198897.1856,273838.888,74941.7024,331884.8774,-1903.2744,329981.6031,0.054594534209576565,3773098.5886,7116184.7947,12821976.3894,38.43673296751828,143.93888070650013,105.50214773898183,33.52025273275515,143.93888070650013,110.41862797374496,2049.0,2049.0,19.8535,19.8535,11.1882,11.1882,1082628.0575,1013655.6913,195373.4819,2593855.4399,28359.3212,1082628.0575,1013655.6913,220309.3856,2674934.0587,28359.3212
18,18,50,1,0.5700000000000001,0,0,0,0,0,1,1,0,0,0,0,1,0.9,1,1,1,1,1,1,139821.8065,139821.8065,0,261543.9137,-74247.5244,187296.3893,0.0,0,7023102.3069,7023102.3069,33.49241088746951,28.96290111095538,-4.5295097765141294,28.96290111095538,28.96290111095538,0.0,2029.0,2029.0,23.3226,23.3226,0,0,515603.1689,0,87308.8007,864602.0052,121868.2291,515603.1689,0,108420.5649,933188.3522,121868.2291
19,19,50,1,0.5700000000000001,1,0,1,0,0,1,1,0,0,0,0,1,0.9,1,1,1,1,1,1,139821.8065,204229.8706,64408.0642,261543.9137,-7740.2157,253803.698,0.0,144552.5415,7023102.3069,7094954.6019,33.49241088746951,35.267427838281705,1.775016950812198,28.96290111095538,35.267427838281705,6.304526727326327,2030.0,2030.0,21.3663,21.3663,1.7574,1.7574,553759.5905,59723.9633,96907.4971,1025410.2207,110789.2992,553759.5905,59723.9633,118941.6281,1097018.179,110789.2992
20,20,50,1,0.5700000000000001,1,0,1,1,1,1,1,0,0,0,0,1,0.9,1,1,1,1,1,1,139821.8065,240822.5987,101000.7922,261543.9137,30123.0163,291666.93,0.13239178253891046,290519.3715,7023102.3069,7427019.3472,33.49241088746951,41.089418000980785,7.597007113511274,28.96290111095538,41.089418000980785,12.126516890025403,2031.0,2031.0,20.7338,20.7338,3.0294,3.0294,602451.4835,120002.8948,99411.9902,1166593.8128,103904.8457,602451.4835,120002.8948,121997.5984,1240023.7524,103904.8457
21,21,50,1,0.5700000000000001,1,1,1,1,0,1,1,0,0,0,0,1,0.9,1,1,1,1,1,1,139821.8065,289101.4202,149279.6137,261543.9137,78632.4148,340176.3285,0.4978324861654814,385295.3674,7023102.3069,7506245.4643,33.49241088746951,46.467113230076485,12.97470234260698,28.96290111095538,46.467113230076485,17.504212119121107,2032.0,2032.0,19.9734,19.9734,3.551,3.551,632994.1868,155146.8378,112153.0149,1285017.9061,95622.4465,632994.1868,155146.8378,134838.0055,1358777.8051,95622.4465
22,22,50,1,0.5700000000000001,1,1,1,1,1,1,1,0,0,0,0,1,0.9,1,1,1,1,1,1,139821.8065,271703.627,131881.8205,261543.9137,61234.6216,322778.5353,0.19637351578378662,692398.3556,7023102.3069,8178684.3171,33.49241088746951,52.331825284118956,18.839414396649445,28.96290111095538,52.331825284118956,23.368924173163574,2033.0,2033.0,20.0631,20.0631,5.6664,5.6664,683385.0742,247948.2308,101004.0118,1395253.7576,91212.8139,683385.0742,247948.2308,123689.0025,1469013.6566,91212.8139
23,23,50,1,0.5700000000000001,1,1,1,1,1,1,1,1,0,0,0,1,0.9,1,1,1,1,1,1,139821.8065,402869.724,263047.9176,261543.9137,192395.0622,453938.9759,0.5567674343085666,1085002.7881,7023102.3069,8690684.8296,33.49241088746951,76.9713631728388,43.4789522853693,28.96290111095538,76.9713631728388,48.00846206188343,2039.0,2039.0,19.5992,19.5992,6.0326,6.0326,810951.3407,391990.7325,139403.3983,1798480.6154,53265.42,810951.3407,391990.7325,162085.9647,1872232.4338,53265.42
24,24,50,1,0.5700000000000001,1,1,1,1,1,1,1,1,1,0,0,1,0.9,1,1,1,1,1,1,139821.8065,390062.4571,250240.6506,261543.9137,179587.7953,441131.7089,0.3704815929965449,1508958.2813,7023102.3069,9424306.5214,33.49241088746951,86.72263151381296,53.230220626343446,28.96290111095538,86.72263151381296,57.75973040285758,2040.0,2040.0,19.2438,19.2438,7.4367,7.4367,861444.0043,527715.0511,129471.5358,1959873.7386,51180.6904,861444.0043,527715.0511,152154.1022,2033625.5569,51180.6904
25,25,50,1,0.5700000000000001,1,1,1,1,1,1,1,1,1,1,0,1,0.9,1,1,1,1,1,1,139821.8065,280582.6133,140760.8068,261543.9137,70107.9515,331651.8652,0.12284636564467738,2670611.4413,7023102.3069,11452190.4168,33.49241088746951,112.30836324820139,78.81595236073188,28.96290111095538,112.30836324820139,83.34546213724602,2044.0,2044.0,19.8125,19.8125,10.1625,10.1625,983325.226,801225.5121,141870.3878,2247526.8035,40523.0643,983325.226,801225.5121,164552.9543,2321278.6219,40523.0643
26,26,50,1,0.5700000000000001,1,1,1,1,1,1,1,1,1,1,1,1,0.9,1,1,1,1,1,1,139821.8065,186220.8935,46399.087,261543.9137,-24253.7683,237290.1454,0.023731591919261292,3430089.626,7023102.3069,12662531.7503,33.49241088746951,126.7647552980257,93.2723444105562,28.96290111095538,126.7647552980257,97.80185418707032,2047.0,2047.0,20.7879,20.7879,11.5751,11.5751,1042131.5957,921505.1739,159673.1861,2342718.7454,33187.8962,1042131.5957,921505.1739,182355.7525,2416470.5637,33187.8962
27,27,50,1,0.5700000000000001,0,0,0,0,0,1,1,0,0,0,0,1,1.1,1,1,1,1,1,1,248756.7631,248756.7631,0,393677.2881,-88072.3405,305604.9476,0.0,0,7209267.2826,7209267.2826,41.81318071398401,36.472132152398835,-5.341048561585172,36.472132152398835,36.472132152398835,0.0,2030.0,2030.0,21.4898,21.4898,0,0,577439.6827,0,129729.2627,1066715.0078,110789.2992,577439.6827,0,155009.5048,1148843.4343,110789.2992
28,28,50,1,0.5700000000000001,1,0,1,0,0,1,1,0,0,0,0,1,1.1,1,1,1,1,1,1,248756.7631,340651.3702,91894.6071,393677.2881,6351.9381,400029.2261,0.0,144552.5415,7209267.2826,7297086.7542,41.81318071398401,45.852591623276055,4.039410909292048,36.472132152398835,45.852591623276055,9.38045947087722,2032.0,2032.0,20.4069,20.4069,1.3488,1.3488,641718.656,59723.9633,150459.5677,1284114.9615,91561.4043,641718.656,59723.9633,176851.2744,1369884.5242,91561.4043
29,29,50,1,0.5700000000000001,1,0,1,1,1,1,1,0,0,0,0,1,1.1,1,1,1,1,1,1,248756.7631,387215.3342,138458.5711,393677.2881,54445.892,448123.1801,0.42416005016032216,290519.3715,7209267.2826,7639187.0647,41.81318071398401,51.16423701363521,9.351056299651201,36.472132152398835,51.16423701363521,14.692104861236373,2032.0,2032.0,19.0164,19.0164,2.4256,2.4256,666021.4382,120002.8948,158584.8164,1426283.4343,94458.9506,666021.4382,120002.8948,185640.6289,1514247.0926,94458.9506
30,30,50,1,0.5700000000000001,1,1,1,1,0,1,1,0,0,0,0,1,1.1,1,1,1,1,1,1,248756.7631,449527.3744,200770.6112,393677.2881,117035.4244,510712.7124,0.8541992246783549,385295.3674,7209267.2826,7736018.9856,41.81318071398401,57.585525665069675,15.772344951085666,36.472132152398835,57.585525665069675,21.11339351267084,2033.0,2033.0,18.2964,18.2964,2.8558,2.8558,696521.4258,155146.8378,177501.6491,1565626.7839,86929.4968,696521.4258,155146.8378,204677.0652,1653987.5381,86929.4968
31,31,50,1,0.5700000000000001,1,1,1,1,1,1,1,0,0,0,0,1,1.1,1,1,1,1,1,1,248756.7631,451200.3966,202443.6335,393677.2881,118708.4466,512385.7347,0.4975558567373249,692398.3556,7209267.2826,8430104.0711,41.81318071398401,64.77815986248443,22.964979148500426,36.472132152398835,64.77815986248443,28.306027710085598,2034.0,2034.0,18.3129,18.3129,4.5612,4.5612,749036.5136,247948.2308,166670.1593,1697776.0401,82920.7399,749036.5136,247948.2308,193845.5754,1786136.7943,82920.7399
32,32,50,1,0.5700000000000001,1,1,1,1,1,1,1,1,0,0,0,1,1.1,1,1,1,1,1,1,248756.7631,632331.6326,383574.8695,393677.2881,299831.2328,693508.5209,0.9513767471655947,1085002.7881,7209267.2826,8964705.5272,41.81318071398401,97.24505825902187,55.43187754503786,36.472132152398835,97.24505825902187,60.77292610662303,2042.0,2042.0,18.337,18.337,4.7587,4.7587,890684.2192,391990.7325,235114.1374,2190139.8201,40019.0984,890684.2192,391990.7325,262285.9321,2278488.5032,40019.0984
33,33,50,1,0.5700000000000001,1,1,1,1,1,1,1,1,1,0,0,1,1.1,1,1,1,1,1,1,248756.7631,643639.216,394882.4529,393677.2881,311138.8162,704816.1043,0.7247617072983673,1508958.2813,7209267.2826,9709442.0639,41.81318071398401,109.45282908287291,67.6396483688889,36.472132152398835,109.45282908287291,72.98069693047408,2043.0,2043.0,17.8988,17.8988,5.87,5.87,941451.1522,527715.0511,233343.0558,2384601.2853,38452.8102,941451.1522,527715.0511,260514.8506,2472949.9684,38452.8102
34,34,50,1,0.5700000000000001,1,1,1,1,1,1,1,1,1,1,0,1,1.1,1,1,1,1,1,1,248756.7631,596711.6801,347954.917,393677.2881,264211.2803,657888.5684,0.4276392244973144,2670611.4413,7209267.2826,11758761.4147,41.81318071398401,143.0718551209272,101.2586744069432,36.472132152398835,143.0718551209272,106.59972296852837,2048.0,2048.0,18.3878,18.3878,7.9424,7.9424,1065899.925,801225.5121,240438.6326,2731953.548,27677.7982,1065899.925,801225.5121,267610.4274,2820302.2311,27677.7982
35,35,50,1,0.5700000000000001,1,1,1,1,1,1,1,1,1,1,1,1,1.1,1,1,1,1,1,1,248756.7631,515905.9115,267149.1483,393677.2881,183405.5117,577082.7998,0.30618107087559354,3430089.626,7209267.2826,12981421.0285,41.81318071398401,161.26093833339652,119.44775761941253,36.472132152398835,161.26093833339652,124.7888061809977,2051.0,2051.0,19.0748,19.0748,9.0571,9.0571,1120716.1427,921505.1739,260756.1237,2841551.1315,22667.7797,1120716.1427,921505.1739,287927.9185,2929899.8145,22667.7797
36,36,50,1,0.5700000000000001,0,0,0,0,0,1,1,0,0,0,0,1,1,0.9,1,1,1,1,1,205293.5366,205293.5366,0,338609.63,-81138.0093,257471.6206,0.0,0,6858960.5622,6858960.5622,38.43673296751828,33.52025273275515,-4.916480234763141,33.52025273275515,33.52025273275515,0.0,2030.0,2030.0,22.3934,22.3934,0,0,552581.4735,0,111452.5082,980116.8176,110789.2992,552581.4735,0,134655.9473,1055498.3407,110789.2992
37,37,50,1,0.5700000000000001,1,0,1,0,0,1,1,0,0,0,0,1,1,0.9,1,1,1,1,1,205293.5366,279707.2268,74413.6901,338609.63,-4408.2216,334201.4084,0.0,144552.5415,6858960.5622,6938796.4455,38.43673296751828,40.52721251647615,2.090479548957861,33.52025273275515,40.52721251647615,7.006959783721002,2031.0,2031.0,20.4878,20.4878,1.5277,1.5277,589187.3428,59723.9633,126302.1683,1155638.246,100717.5448,589187.3428,59723.9633,150523.2447,1234353.5039,100717.5448
38,38,50,1,0.5700000000000001,1,0,1,1,1,1,1,0,0,0,0,1,1,0.9,1,1,1,1,1,205293.5366,324794.318,119500.7814,338609.63,42080.1552,380689.7852,0.2832462854871509,290519.3715,6858960.5622,7275878.9735,38.43673296751828,46.96998494645401,8.533251978935725,33.52025273275515,46.96998494645401,13.449732213698866,2032.0,2032.0,19.8378,19.8378,2.6467,2.6467,636996.6779,120002.8948,132838.2384,1309091.0797,94458.9506,636996.6779,120002.8948,157667.5573,1389815.8657,94458.9506
39,39,50,1,0.5700000000000001,1,1,1,1,0,1,1,0,0,0,0,1,1,0.9,1,1,1,1,1,205293.5366,379978.1376,174684.601,338609.63,97518.206,436127.836,0.6798502363964272,385295.3674,6858960.5622,7363907.9925,38.43673296751828,52.850379834283345,14.413646866765063,33.52025273275515,52.850379834283345,19.330127101528202,2033.0,2033.0,19.0826,19.0826,3.1176,3.1176,665797.3514,155146.8378,148776.9305,1436628.7542,86929.4968,665797.3514,155146.8378,173715.8271,1517717.3491,86929.4968
40,40,50,1,0.5700000000000001,1,1,1,1,1,1,1,0,0,0,0,1,1,0.9,1,1,1,1,1,205293.5366,372853.0301,167559.4934,338609.63,90393.0984,429002.7284,0.35036161350897727,692398.3556,6858960.5622,8047169.9616,38.43673296751828,59.43122453616801,20.994491568649725,33.52025273275515,59.43122453616801,25.910971803412867,2034.0,2034.0,19.1252,19.1252,4.9817,4.9817,716471.2353,247948.2308,137296.7748,1557490.0108,82920.7399,716471.2353,247948.2308,162235.6714,1638578.6057,82920.7399
41,41,50,1,0.5700000000000001,1,1,1,1,1,1,1,1,0,0,0,1,1,0.9,1,1,1,1,1,205293.5366,528461.7785,323168.2419,338609.63,245994.8636,584604.4936,0.7567270640165298,1085002.7881,6858960.5622,8570470.9459,38.43673296751828,87.79353125619754,49.35679828867926,33.52025273275515,87.79353125619754,54.2732785234424,2041.0,2041.0,18.8139,18.8139,5.281,5.281,844189.8921,391990.7325,191456.7396,2000120.151,44021.0083,844189.8921,391990.7325,216392.6434,2081198.7698,44021.0083
42,42,50,1,0.5700000000000001,1,1,1,1,1,1,1,1,1,0,0,1,1,0.9,1,1,1,1,1,205293.5366,528174.2196,322880.6829,338609.63,245707.3046,584316.9346,0.5501374788864104,1508958.2813,6858960.5622,9309650.0602,38.43673296751828,98.82759782967499,60.3908648621567,33.52025273275515,98.82759782967499,65.30734509691983,2042.0,2042.0,18.4253,18.4253,6.5156,6.5156,894463.8769,527715.0511,185429.8997,2178081.1385,42298.0912,894463.8769,527715.0511,210365.8035,2259159.7573,42298.0912
43,43,50,1,0.5700000000000001,1,1,1,1,1,1,1,1,1,1,0,1,1,0.9,1,1,1,1,1,205293.5366,453374.1916,248080.655,338609.63,170907.2767,509516.9066,0.27544686744385544,2670611.4413,6858960.5622,11348251.6833,38.43673296751828,127.62613134557353,89.18939837805523,33.52025273275515,127.62613134557353,94.10587861281837,2046.0,2046.0,18.7918,18.7918,8.9238,8.9238,1012901.0029,801225.5121,190609.3198,2491600.1622,33490.1358,1012901.0029,801225.5121,215545.2236,2572678.781,33490.1358
44,44,50,1,0.5700000000000001,1,1,1,1,1,1,1,1,1,1,1,1,1,0.9,1,1,1,1,1,205293.5366,364108.499,158814.9624,338609.63,81641.584,420251.214,0.16542703194472616,3430089.626,6858960.5622,12564752.1569,38.43673296751828,143.93888070650013,105.50214773898183,33.52025273275515,143.93888070650013,110.41862797374496,2049.0,2049.0,19.612,19.612,10.1711,10.1711,1069192.0959,921505.1739,211621.6577,2593855.4399,27428.0134,1069192.0959,921505.1739,236557.5615,2674934.0587,27428.0134
45,45,50,1,0.5700000000000001,0,0,0,0,0,1,1,0,0,0,0,1,1,1.1,1,1,1,1,1,182889.466,182889.466,0,316384.8838,-81317.3338,235067.55,0.0,0,7373409.0272,7373409.0272,36.743353957058524,31.78220380141874,-4.961150155639789,31.78220380141874,31.78220380141874,0.0,2029.0,2029.0,22.2051,22.2051,0,0,539053.713,0,105199.5003,949010.9084,121868.2291,539053.713,0,128402.9395,1024392.4315,121868.2291
46,46,50,1,0.5700000000000001,1,0,1,0,0,1,1,0,0,0,0,1,1,1.1,1,1,1,1,1,182889.466,266106.9642,83217.4982,316384.8838,4216.262,320601.1458,0.0,144552.5415,7373409.0272,7453244.9105,36.743353957058524,40.52721251647615,3.7838585594176184,31.78220380141874,40.52721251647615,8.745008715057407,2031.0,2031.0,21.1522,21.1522,1.5277,1.5277,608019.3966,59723.9633,121070.3772,1155638.246,100717.5448,608019.3966,59723.9633,145291.4535,1234353.5039,100717.5448
47,47,50,1,0.5700000000000001,1,0,1,1,1,1,1,0,0,0,0,1,1,1.1,1,1,1,1,1,182889.466,310411.3582,127521.8923,316384.8838,49921.9416,366306.8253,0.35722491677657214,290519.3715,7373409.0272,7790327.4385,36.743353957058524,46.96998494645401,10.226630989395483,31.78220380141874,46.96998494645401,15.18778114503527,2032.0,2032.0,20.461,20.461,2.6467,2.6467,656719.9163,120002.8948,127497.9598,1309091.0797,94458.9506,656719.9163,120002.8948,152327.2787,1389815.8657,94458.9506
48,48,50,1,0.5700000000000001,1,1,1,1,0,1,1,0,0,0,0,1,1,1.1,1,1,1,1,1,182889.466,364827.2801,181937.8142,316384.8838,104592.0947,420976.9784,0.731849242895657,385295.3674,7373409.0272,7878356.4575,36.743353957058524,52.850379834283345,16.10702587722482,31.78220380141874,52.850379834283345,21.06817603286461,2033.0,2033.0,19.6811,19.6811,3.1176,3.1176,686330.7577,155146.8378,143394.3818,1436628.7542,86929.4968,686330.7577,155146.8378,168333.2784,1517717.3491,86929.4968
49,49,50,1,0.5700000000000001,1,1,1,1,1,1,1,0,0,0,0,1,1,1.1,1,1,1,1,1,182889.466,356538.6997,173649.2338,316384.8838,96303.5143,412688.398,0.37992819058518534,692398.3556,7373409.0272,8561618.4266,36.743353957058524,59.43122453616801,22.687870579109482,31.78220380141874,59.43122453616801,27.64902073474927,2034.0,2034.0,19.6973,19.6973,4.9817,4.9817,737741.1577,247948.2308,132341.1827,1557490.0108,82920.7399,737741.1577,247948.2308,157280.0793,1638578.6057,82920.7399
50,50,50,1,0.5700000000000001,1,1,1,1,1,1,1,1,0,0,0,1,1,1.1,1,1,1,1,1,182889.466,508580.8023,325691.3364,316384.8838,248338.6336,564723.5174,0.7559001744249195,1085002.7881,7373409.0272,9084919.4109,36.743353957058524,86.30656054506181,49.56320658800329,31.78220380141874,86.30656054506181,54.524356743643075,2040.0,2040.0,18.9937,18.9937,5.3694,5.3694,859134.8169,391990.7325,182412.6865,1990542.1473,48423.1091,859134.8169,391990.7325,207348.5902,2071620.7661,48423.1091
51,51,50,1,0.5700000000000001,1,1,1,1,1,1,1,1,1,0,0,1,1,1.1,1,1,1,1,1,182889.466,508380.9964,325491.5304,316384.8838,248138.8276,564523.7114,0.5487994624269856,1508958.2813,7373409.0272,9824098.5252,36.743353957058524,97.21890139526876,60.47554743821023,31.78220380141874,97.21890139526876,65.43669759385001,2041.0,2041.0,18.584,18.584,6.6202,6.6202,910063.568,527715.0511,175916.1355,2168603.6512,46527.9003,910063.568,527715.0511,200852.0392,2249682.27,46527.9003
52,52,50,1,0.5700000000000001,1,1,1,1,1,1,1,1,1,1,0,1,1,1.1,1,1,1,1,1,182889.466,432144.9234,249255.4574,316384.8838,171902.7547,488287.6384,0.27833316817047077,2670611.4413,7373409.0272,11862700.1483,36.743353957058524,127.62613134557353,90.882777388515,31.78220380141874,127.62613134557353,95.84392754415478,2046.0,2046.0,19.2803,19.2803,8.9238,8.9238,1039189.3198,801225.5121,185550.2712,2491600.1622,33490.1358,1039189.3198,801225.5121,210486.1749,2572678.781,33490.1358
53,53,50,1,0.5700000000000001,1,1,1,1,1,1,1,1,1,1,1,1,1,1.1,1,1,1,1,1,182889.466,342240.58,159351.114,316384.8838,81998.4113,398383.295,0.1643508091007756,3430089.626,7373409.0272,13079200.6219,36.743353957058524,141.9284702774002,105.18511632034169,31.78220380141874,141.9284702774002,110.14626647598148,2048.0,2048.0,19.784,19.784,10.3113,10.3113,1089856.4598,921505.1739,203896.9359,2587669.9643,30170.8147,1089856.4598,921505.1739,228832.8397,2668748.5831,30170.8147
54,54,50,1,0.5700000000000001,0,0,0,0,0,1,1,0,0,0,0,1,1,1,0.9,1,1,1,1,204384.862,204384.862,0,337664.9185,-81101.9725,256562.946,0.0,0,6887903.6847,6887903.6847,38.43673296751828,33.52025273275515,-4.916480234763141,33.52025273275515,33.52025273275515,0.0,2030.0,2030.0,22.4436,22.4436,0,0,553857.3573,0,111085.299,980116.8176,110789.2992,553857.3573,0,134288.7381,1055498.3407,110789.2992
55,55,50,1,0.5700000000000001,1,0,1,0,0,1,1,0,0,0,0,1,1,1,0.9,1,1,1,1,204384.862,278762.5153,74377.6533,337664.9185,-4408.2216,333256.697,0.0,144552.5415,6887903.6847,6967739.568,38.43673296751828,40.52721251647615,2.090479548957861,33.52025273275515,40.52721251647615,7.006959783721002,2031.0,2031.0,20.5325,20.5325,1.5277,1.5277,590517.013,59723.9633,125917.2097,1155638.246,100717.5448,590517.013,59723.9633,150138.286,1234353.5039,100717.5448
56,56,50,1,0.5700000000000001,1,0,1,1,1,1,1,0,0,0,0,1,1,1,0.9,1,1,1,1,204384.862,323800.7099,119415.8479,337664.9185,42031.2585,379696.177,0.28283882355251244,290519.3715,6887903.6847,7304822.096,38.43673296751828,46.96998494645401,8.533251978935725,33.52025273275515,46.96998494645401,13.449732213698866,2032.0,2032.0,19.879,19.879,2.6467,2.6467,638375.2447,120002.8948,132453.2797,1309091.0797,94458.9506,638375.2447,120002.8948,157282.5986,1389815.8657,94458.9506
57,57,50,1,0.5700000000000001,1,1,1,1,0,1,1,0,0,0,0,1,1,1,0.9,1,1,1,1,204384.862,378940.078,174555.216,337664.9185,97424.8578,435089.7763,0.6792485608327892,385295.3674,6887903.6847,7392851.115,38.43673296751828,52.850379834283345,14.413646866765063,33.52025273275515,52.850379834283345,19.330127101528202,2033.0,2033.0,19.1217,19.1217,3.1176,3.1176,667220.3698,155146.8378,148391.9718,1436628.7542,86929.4968,667220.3698,155146.8378,173330.8684,1517717.3491,86929.4968
58,58,50,1,0.5700000000000001,1,1,1,1,1,1,1,0,0,0,0,1,1,1,0.9,1,1,1,1,204384.862,371756.8105,167371.9485,337664.9185,90241.5903,427906.5088,0.3498221511339189,692398.3556,6887903.6847,8076113.0841,38.43673296751828,59.43122453616801,20.994491568649725,33.52025273275515,59.43122453616801,25.910971803412867,2034.0,2034.0,19.1621,19.1621,4.9817,4.9817,717934.6641,247948.2308,136929.5656,1557490.0108,82920.7399,717934.6641,247948.2308,161868.4622,1638578.6057,82920.7399
59,59,50,1,0.5700000000000001,1,1,1,1,1,1,1,1,0,0,0,1,1,1,0.9,1,1,1,1,204384.862,527230.7138,322845.8518,337664.9185,245708.5103,583373.4288,0.7558839486067688,1085002.7881,6887903.6847,8599414.0684,38.43673296751828,87.79353125619754,49.35679828867926,33.52025273275515,87.79353125619754,54.2732785234424,2041.0,2041.0,18.8493,18.8493,5.281,5.281,845850.0559,391990.7325,191027.6406,2000120.151,44021.0083,845850.0559,391990.7325,215963.5444,2081198.7698,44021.0083
60,60,50,1,0.5700000000000001,1,1,1,1,1,1,1,1,1,0,0,1,1,1,0.9,1,1,1,1,204384.862,526924.303,322539.441,337664.9185,245402.0995,583067.018,0.5494754824875541,1508958.2813,6887903.6847,9338593.1827,38.43673296751828,98.82759782967499,60.3908648621567,33.52025273275515,98.82759782967499,65.30734509691983,2042.0,2042.0,18.458,18.458,6.5156,6.5156,896142.8925,527715.0511,185000.8007,2178081.1385,42298.0912,896142.8925,527715.0511,209936.7045,2259159.7573,42298.0912
61,61,50,1,0.5700000000000001,1,1,1,1,1,1,1,1,1,1,0,1,1,1,0.9,1,1,1,1,204384.862,452002.6276,247617.7656,337664.9185,170480.4242,508145.3427,0.2749362711498688,2670611.4413,6887903.6847,11377194.8058,38.43673296751828,127.62613134557353,89.18939837805523,33.52025273275515,127.62613134557353,94.10587861281837,2046.0,2046.0,18.8212,18.8212,8.9238,8.9238,1014639.7761,801225.5121,190242.1106,2491600.1622,33490.1358,1014639.7761,801225.5121,215178.0144,2572678.781,33490.1358
62,62,50,1,0.5700000000000001,1,1,1,1,1,1,1,1,1,1,1,1,1,1,0.9,1,1,1,1,204384.862,362722.6638,158337.8017,337664.9185,81200.4603,418865.3788,0.16494833266942843,3430089.626,6887903.6847,12593695.2794,38.43673296751828,143.93888070650013,105.50214773898183,33.52025273275515,143.93888070650013,110.41862797374496,2049.0,2049.0,19.6408,19.6408,10.1711,10.1711,1070962.8898,921505.1739,211236.699,2593855.4399,27428.0134,1070962.8898,921505.1739,236172.6028,2674934.0587,27428.0134
63,63,50,1,0.5700000000000001,0,0,0,0,0,1,1,0,0,0,0,1,1,1,1.1,1,1,1,1,183758.5001,183758.5001,0,317293.5584,-81356.9743,235936.5841,0.0,0,7344465.9047,7344465.9047,36.743353957058524,31.78220380141874,-4.961150155639789,31.78220380141874,31.78220380141874,0.0,2029.0,2029.0,22.1564,22.1564,0,0,537836.9941,0,105547.1851,949010.9084,121868.2291,537836.9941,0,128750.6242,1024392.4315,121868.2291
64,64,50,1,0.5700000000000001,1,0,1,0,0,1,1,0,0,0,0,1,1,1,1.1,1,1,1,1,183758.5001,267069.4251,83310.925,317293.5584,4270.0484,321563.6067,0.0,144552.5415,7344465.9047,7424301.788,36.743353957058524,40.52721251647615,3.7838585594176184,31.78220380141874,40.52721251647615,8.745008715057407,2031.0,2031.0,21.1075,21.1075,1.5277,1.5277,606689.7264,59723.9633,121437.5864,1155638.246,100717.5448,606689.7264,59723.9633,145658.6627,1234353.5039,100717.5448
65,65,50,1,0.5700000000000001,1,0,1,1,1,1,1,0,0,0,0,1,1,1,1.1,1,1,1,1,183758.5001,311422.7158,127664.2157,317293.5584,50024.6246,367318.1829,0.3580805868393132,290519.3715,7344465.9047,7761384.316,36.743353957058524,46.96998494645401,10.226630989395483,31.78220380141874,46.96998494645401,15.18778114503527,2032.0,2032.0,20.4198,20.4198,2.6467,2.6467,655341.3495,120002.8948,127865.169,1309091.0797,94458.9506,655341.3495,120002.8948,152694.4879,1389815.8657,94458.9506
66,66,50,1,0.5700000000000001,1,1,1,1,0,1,1,0,0,0,0,1,1,1,1.1,1,1,1,1,183758.5001,365865.3397,182106.8397,317293.5584,104721.4796,422015.038,0.7327975981888198,385295.3674,7344465.9047,7849413.335,36.743353957058524,52.850379834283345,16.10702587722482,31.78220380141874,52.850379834283345,21.06817603286461,2033.0,2033.0,19.642,19.642,3.1176,3.1176,684907.7393,155146.8378,143779.3405,1436628.7542,86929.4968,684907.7393,155146.8378,168718.2371,1517717.3491,86929.4968
67,67,50,1,0.5700000000000001,1,1,1,1,1,1,1,0,0,0,0,1,1,1,1.1,1,1,1,1,183758.5001,357654.4437,173895.9436,317293.5584,96510.5836,413804.142,0.38068457876725537,692398.3556,7344465.9047,8532675.3041,36.743353957058524,59.43122453616801,22.687870579109482,31.78220380141874,59.43122453616801,27.64902073474927,2034.0,2034.0,19.6604,19.6604,4.9817,4.9817,736277.7289,247948.2308,132688.8675,1557490.0108,82920.7399,736277.7289,247948.2308,157627.7641,1638578.6057,82920.7399
68,68,50,1,0.5700000000000001,1,1,1,1,1,1,1,1,0,0,0,1,1,1,1.1,1,1,1,1,183758.5001,509791.1302,326032.6301,317293.5584,248640.2868,565933.8452,0.756827601375658,1085002.7881,7344465.9047,9055976.2884,36.743353957058524,86.30656054506181,49.56320658800329,31.78220380141874,86.30656054506181,54.524356743643075,2040.0,2040.0,18.9592,18.9592,5.3694,5.3694,857495.3901,391990.7325,182841.7855,1990542.1473,48423.1091,857495.3901,391990.7325,207777.6893,2071620.7661,48423.1091
69,69,50,1,0.5700000000000001,1,1,1,1,1,1,1,1,1,0,0,1,1,1,1.1,1,1,1,1,183758.5001,509625.3966,325866.8965,317293.5584,248474.5532,565768.1116,0.5495276584657276,1508958.2813,7344465.9047,9795155.4027,36.743353957058524,97.21890139526876,60.47554743821023,31.78220380141874,97.21890139526876,65.43669759385001,2041.0,2041.0,18.5521,18.5521,6.6202,6.6202,908403.4042,527715.0511,176331.8991,2168603.6512,46527.9003,908403.4042,527715.0511,201267.8028,2249682.27,46527.9003
70,70,50,1,0.5700000000000001,1,1,1,1,1,1,1,1,1,1,0,1,1,1,1.1,1,1,1,1,183758.5001,433516.4874,249757.9873,317293.5584,172365.644,489659.2024,0.2789108944876928,2670611.4413,7344465.9047,11833757.0258,36.743353957058524,127.62613134557353,90.882777388515,31.78220380141874,127.62613134557353,95.84392754415478,2046.0,2046.0,19.2509,19.2509,8.9238,8.9238,1037450.5466,801225.5121,185917.4804,2491600.1622,33490.1358,1037450.5466,801225.5121,210853.3841,2572678.781,33490.1358
71,71,50,1,0.5700000000000001,1,1,1,1,1,1,1,1,1,1,1,1,1,1,1.1,1,1,1,1,183758.5001,343616.7413,159858.2412,317293.5584,82465.8979,399759.4563,0.16487737830360355,3430089.626,7344465.9047,13050257.4994,36.743353957058524,141.9284702774002,105.18511632034169,31.78220380141874,141.9284702774002,110.14626647598148,2048.0,2048.0,19.7557,19.7557,10.3113,10.3113,1088095.3398,921505.1739,204281.8946,2587669.9643,30170.8147,1088095.3398,921505.1739,229217.7984,2668748.5831,30170.8147
72,72,50,1,0.5700000000000001,0,0,0,0,0,1,1,0,0,0,0,1,1,1,1,0.9,1,1,1,205675.2384,205675.2384,0,338965.2595,-81111.9371,257853.3224,0.0,0,7061223.1721,7061223.1721,38.43673296751828,33.52025273275515,-4.916480234763141,33.52025273275515,33.52025273275515,0.0,2030.0,2030.0,22.3742,22.3742,0,0,552024.8587,0,111627.4213,980116.8176,110789.2992,552024.8587,0,134830.8604,1055498.3407,110789.2992
73,73,50,1,0.5700000000000001,1,0,1,0,0,1,1,0,0,0,0,1,1,1,1,0.9,1,1,1,205675.2384,280508.1185,74832.88,338965.2595,-3962.9595,335002.3001,0.0,144552.5415,7061223.1721,7135486.1066,38.43673296751828,40.52721251647615,2.090479548957861,33.52025273275515,40.52721251647615,7.006959783721002,2031.0,2031.0,20.4504,20.4504,1.5277,1.5277,588044.2871,59723.9633,126644.3324,1155638.246,100717.5448,588044.2871,59723.9633,150865.4087,1234353.5039,100717.5448
74,74,50,1,0.5700000000000001,1,0,1,1,1,1,1,0,0,0,0,1,1,1,1,0.9,1,1,1,205675.2384,326002.5721,120327.3337,338965.2595,42932.7797,381898.0392,0.29303277461335264,290519.3715,7061223.1721,7468843.7479,38.43673296751828,46.96998494645401,8.533251978935725,33.52025273275515,46.96998494645401,13.449732213698866,2032.0,2032.0,19.7862,19.7862,2.6467,2.6467,635298.3535,120002.8948,133328.3087,1309091.0797,94458.9506,635298.3535,120002.8948,158157.6276,1389815.8657,94458.9506
75,75,50,1,0.5700000000000001,1,1,1,1,0,1,1,0,0,0,0,1,1,1,1,0.9,1,1,1,205675.2384,381481.162,175805.9236,338965.2595,98665.6008,437630.8603,0.6899202721720517,385295.3674,7061223.1721,7551186.7552,38.43673296751828,52.850379834283345,14.413646866765063,33.52025273275515,52.850379834283345,19.330127101528202,2033.0,2033.0,19.0235,19.0235,3.1176,3.1176,663711.0993,155146.8378,149360.1583,1436628.7542,86929.4968,663711.0993,155146.8378,174299.0549,1517717.3491,86929.4968
76,76,50,1,0.5700000000000001,1,1,1,1,1,1,1,0,0,0,0,1,1,1,1,0.9,1,1,1,205675.2384,374787.0978,169111.8594,338965.2595,91971.5365,430936.7961,0.358605928770642,692398.3556,7061223.1721,8228284.7767,38.43673296751828,59.43122453616801,20.994491568649725,33.52025273275515,59.43122453616801,25.910971803412867,2034.0,2034.0,19.0555,19.0555,4.9817,4.9817,713903.1575,247948.2308,137930.7849,1557490.0108,82920.7399,713903.1575,247948.2308,162869.6815,1638578.6057,82920.7399
77,77,50,1,0.5700000000000001,1,1,1,1,1,1,1,1,0,0,0,1,1,1,1,0.9,1,1,1,205675.2384,530677.8099,325002.5715,338965.2595,247855.2654,586820.5249,0.7633452033160959,1085002.7881,7061223.1721,8740448.2268,38.43673296751828,87.79353125619754,49.35679828867926,33.52025273275515,87.79353125619754,54.2732785234424,2041.0,2041.0,18.754,18.754,5.281,5.281,841071.7247,391990.7325,192358.8756,2000120.151,44021.0083,841071.7247,391990.7325,217294.7794,2081198.7698,44021.0083
78,78,50,1,0.5700000000000001,1,1,1,1,1,1,1,1,1,0,0,1,1,1,1,0.9,1,1,1,205675.2384,530644.4462,324969.2078,338965.2595,247821.9017,586787.1612,0.5556508338937601,1508958.2813,7061223.1721,9474139.8827,38.43673296751828,98.82759782967499,60.3908648621567,33.52025273275515,98.82759782967499,65.30734509691983,2042.0,2042.0,18.3635,18.3635,6.5156,6.5156,891030.4805,527715.0511,186393.0696,2178081.1385,42298.0912,891030.4805,527715.0511,211328.9734,2259159.7573,42298.0912
79,79,50,1,0.5700000000000001,1,1,1,1,1,1,1,1,1,1,0,1,1,1,1,0.9,1,1,1,205675.2384,456507.3849,250832.1465,338965.2595,173684.8404,512650.0999,0.27965096332315037,2670611.4413,7061223.1721,11502194.8621,38.43673296751828,127.62613134557353,89.18939837805523,33.52025273275515,127.62613134557353,94.10587861281837,2046.0,2046.0,18.7348,18.7348,8.9238,8.9238,1009008.6556,801225.5121,191368.4738,2491600.1622,33490.1358,1009008.6556,801225.5121,216304.3776,2572678.781,33490.1358
80,80,50,1,0.5700000000000001,1,1,1,1,1,1,1,1,1,1,1,1,1,1,1,0.9,1,1,1,205675.2384,367322.1625,161646.9241,338965.2595,84499.618,423464.8775,0.169261420436971,3430089.626,7061223.1721,12712621.8353,38.43673296751828,143.93888070650013,105.50214773898183,33.52025273275515,143.93888070650013,110.41862797374496,2049.0,2049.0,19.5585,19.5585,10.1711,10.1711,1065134.7714,921505.1739,212465.3187,2593855.4399,27428.0134,1065134.7714,921505.1739,237401.2225,2674934.0587,27428.0134
81,81,50,1,0.5700000000000001,0,0,0,0,0,1,1,0,0,0,0,1,1,1,1,1.1,1,1,1,182488.0808,182488.0808,0,316003.182,-81337.0171,234666.1648,0.0,0,7171146.4173,7171146.4173,36.743353957058524,31.78220380141874,-4.961150155639789,31.78220380141874,31.78220380141874,0.0,2029.0,2029.0,22.2269,22.2269,0,0,539632.4154,0,105022.183,949010.9084,121868.2291,539632.4154,0,128225.6221,1024392.4315,121868.2291
82,82,50,1,0.5700000000000001,1,0,1,0,0,1,1,0,0,0,0,1,1,1,1,1.1,1,1,1,182488.0808,265299.2236,82811.1427,316003.182,3790.2232,319793.4052,0.0,144552.5415,7171146.4173,7256555.2494,36.743353957058524,40.52721251647615,3.7838585594176184,31.78220380141874,40.52721251647615,8.745008715057407,2031.0,2031.0,21.1896,21.1896,1.5277,1.5277,609162.4523,59723.9633,120735.0621,1155638.246,100717.5448,609162.4523,59723.9633,144956.1384,1234353.5039,100717.5448
83,83,50,1,0.5700000000000001,1,0,1,1,1,1,1,0,0,0,0,1,1,1,1,1.1,1,1,1,182488.0808,309183.6347,126695.5539,316003.182,49075.9199,365079.1019,0.347710908263662,290519.3715,7171146.4173,7597362.6641,36.743353957058524,46.96998494645401,10.226630989395483,31.78220380141874,46.96998494645401,15.18778114503527,2032.0,2032.0,20.5126,20.5126,2.6467,2.6467,658418.2407,120002.8948,127027.3589,1309091.0797,94458.9506,658418.2407,120002.8948,151856.6778,1389815.8657,94458.9506
84,84,50,1,0.5700000000000001,1,1,1,1,0,1,1,0,0,0,0,1,1,1,1,1.1,1,1,1,182488.0808,363324.2558,180836.1749,316003.182,103470.7721,419473.9541,0.7219899652464327,385295.3674,7171146.4173,7691077.6947,36.743353957058524,52.850379834283345,16.10702587722482,31.78220380141874,52.850379834283345,21.06817603286461,2033.0,2033.0,19.7401,19.7401,3.1176,3.1176,688417.0098,155146.8378,142811.154,1436628.7542,86929.4968,688417.0098,155146.8378,167750.0506,1517717.3491,86929.4968
85,85,50,1,0.5700000000000001,1,1,1,1,1,1,1,0,0,0,0,1,1,1,1,1.1,1,1,1,182488.0808,354550.7413,172062.6605,316003.182,94697.2577,410700.4396,0.3718157517292053,692398.3556,7171146.4173,8380503.6115,36.743353957058524,59.43122453616801,22.687870579109482,31.78220380141874,59.43122453616801,27.64902073474927,2034.0,2034.0,19.767,19.767,4.9817,4.9817,740309.2355,247948.2308,131761.0633,1557490.0108,82920.7399,740309.2355,247948.2308,156699.9599,1638578.6057,82920.7399
86,86,50,1,0.5700000000000001,1,1,1,1,1,1,1,1,0,0,0,1,1,1,1,1.1,1,1,1,182488.0808,506333.9879,323845.9071,316003.182,246473.521,562476.703,0.749286921597451,1085002.7881,7171146.4173,8914942.13,36.743353957058524,86.30656054506181,49.56320658800329,31.78220380141874,86.30656054506181,54.524356743643075,2040.0,2040.0,19.0569,19.0569,5.3694,5.3694,862283.7673,391990.7325,181510.5504,1990542.1473,48423.1091,862283.7673,391990.7325,206446.4542,2071620.7661,48423.1091
87,87,50,1,0.5700000000000001,1,1,1,1,1,1,1,1,1,0,0,1,1,1,1,1.1,1,1,1,182488.0808,505843.4009,323355.3201,316003.182,245982.934,561986.1159,0.5432969757631033,1508958.2813,7171146.4173,9659608.7026,36.743353957058524,97.21890139526876,60.47554743821023,31.78220380141874,97.21890139526876,65.43669759385001,2041.0,2041.0,18.6488,18.6488,6.6202,6.6202,913523.9275,527715.0511,174993.3714,2168603.6512,46527.9003,913523.9275,527715.0511,199929.2751,2249682.27,46527.9003
88,88,50,1,0.5700000000000001,1,1,1,1,1,1,1,1,1,1,0,1,1,1,1,1.1,1,1,1,182488.0808,429011.7301,246523.6493,316003.182,169151.2631,485154.4451,0.2741698828627709,2670611.4413,7171146.4173,11708756.9695,36.743353957058524,127.62613134557353,90.882777388515,31.78220380141874,127.62613134557353,95.84392754415478,2046.0,2046.0,19.3374,19.3374,8.9238,8.9238,1043081.667,801225.5121,184791.1172,2491600.1622,33490.1358,1043081.667,801225.5121,209727.021,2572678.781,33490.1358
89,89,50,1,0.5700000000000001,1,1,1,1,1,1,1,1,1,1,1,1,1,1,1,1.1,1,1,1,182488.0808,339405.4609,156917.3801,316003.182,79544.9939,395548.1759,0.16350437622095862,3430089.626,7171146.4173,12931330.9435,36.743353957058524,143.93888070650013,107.19552674944158,31.78220380141874,143.93888070650013,112.15667690508137,2049.0,2049.0,20.1485,20.1485,10.1711,10.1711,1100121.3436,921505.1739,205395.448,2593855.4399,27428.0134,1100121.3436,921505.1739,230331.3518,2674934.0587,27428.0134
90,90,50,1,0.5700000000000001,0,0,0,0,0,1,1,0,0,0,0,1,1,1,1,1,0.9,1,1,203373.8324,203373.8324,0,336562.2253,-81010.3089,255551.9164,0.0,0,7078723.3931,7078723.3931,38.43673296751828,33.52025273275515,-4.916480234763141,33.52025273275515,33.52025273275515,0.0,2030.0,2030.0,22.505,22.505,0,0,555247.0617,0,110706.6243,980116.8176,110789.2992,555247.0617,0,133910.0634,1055498.3407,110789.2992
91,91,50,1,0.5700000000000001,1,0,1,0,0,1,1,0,0,0,0,1,1,1,1,1,0.9,1,1,203373.8324,277886.1242,74512.2918,336562.2253,-4181.9195,332380.3058,0.0,144552.5415,7078723.3931,7156302.0885,38.43673296751828,40.52721251647615,2.090479548957861,33.52025273275515,40.52721251647615,7.006959783721002,2031.0,2031.0,20.579,20.579,1.5277,1.5277,591724.2157,59723.9633,125586.3981,1155638.246,100717.5448,591724.2157,59723.9633,149807.4744,1234353.5039,100717.5448
92,92,50,1,0.5700000000000001,1,0,1,1,1,1,1,0,0,0,0,1,1,1,1,1,0.9,1,1,203373.8324,322936.7929,119562.9605,336562.2253,42270.0347,378832.26,0.28592427388159636,290519.3715,7078723.3931,7492226.8813,38.43673296751828,46.96998494645401,8.533251978935725,33.52025273275515,46.96998494645401,13.449732213698866,2032.0,2032.0,19.9196,19.9196,2.6467,2.6467,639526.161,120002.8948,132166.2804,1309091.0797,94458.9506,639526.161,120002.8948,156995.5993,1389815.8657,94458.9506
93,93,50,1,0.5700000000000001,1,1,1,1,0,1,1,0,0,0,0,1,1,1,1,1,0.9,1,1,203373.8324,378135.385,174761.5526,336562.2253,97722.858,434285.0833,0.6823399597268589,385295.3674,7078723.3931,7577264.0167,38.43673296751828,52.850379834283345,14.413646866765063,33.52025273275515,52.850379834283345,19.330127101528202,2033.0,2033.0,19.1561,19.1561,3.1176,3.1176,668261.9281,155146.8378,148155.1065,1436628.7542,86929.4968,668261.9281,155146.8378,173094.0031,1517717.3491,86929.4968
94,94,50,1,0.5700000000000001,1,1,1,1,1,1,1,0,0,0,0,1,1,1,1,1,0.9,1,1,203373.8324,371132.6805,167758.8481,336562.2253,90720.1535,427282.3788,0.35282385818223805,692398.3556,7078723.3931,8256039.4529,38.43673296751828,59.43122453616801,20.994491568649725,33.52025273275515,59.43122453616801,25.910971803412867,2034.0,2034.0,19.1851,19.1851,4.9817,4.9817,718711.5764,247948.2308,136776.7832,1557490.0108,82920.7399,718711.5764,247948.2308,161715.6798,1638578.6057,82920.7399
95,95,50,1,0.5700000000000001,1,1,1,1,1,1,1,1,0,0,0,1,1,1,1,1,0.9,1,1,203373.8324,524629.0006,321255.1682,336562.2253,244209.4903,580771.7156,0.7452922506250674,1085002.7881,7078723.3931,8779340.4372,38.43673296751828,86.30656054506181,47.86982757754353,33.52025273275515,86.30656054506181,52.786307812306674,2040.0,2040.0,18.5103,18.5103,5.3694,5.3694,837542.9813,391990.7325,187956.3238,1990542.1473,48423.1091,837542.9813,391990.7325,212892.2276,2071620.7661,48423.1091
96,96,50,1,0.5700000000000001,1,1,1,1,1,1,1,1,1,0,0,1,1,1,1,1,0.9,1,1,203373.8324,525735.9796,322362.1472,336562.2253,245316.4693,581878.6946,0.5497001251474459,1508958.2813,7078723.3931,9518519.5514,38.43673296751828,98.82759782967499,60.3908648621567,33.52025273275515,98.82759782967499,65.30734509691983,2042.0,2042.0,18.5039,18.5039,6.5156,6.5156,897545.5248,527715.0511,184786.4918,2178081.1385,42298.0912,897545.5248,527715.0511,209722.3956,2259159.7573,42298.0912
97,97,50,1,0.5700000000000001,1,1,1,1,1,1,1,1,1,1,0,1,1,1,1,1,0.9,1,1,203373.8324,450461.2281,247087.3958,336562.2253,170041.7178,506603.9432,0.2747203492354404,2670611.4413,7078723.3931,11557121.1745,38.43673296751828,127.62613134557353,89.18939837805523,33.52025273275515,127.62613134557353,94.10587861281837,2046.0,2046.0,18.8767,18.8767,8.9238,8.9238,1016333.9579,801225.5121,190089.3283,2491600.1622,33490.1358,1016333.9579,801225.5121,215025.232,2572678.781,33490.1358
98,98,50,1,0.5700000000000001,1,1,1,1,1,1,1,1,1,1,1,1,1,1,1,1,0.9,1,1,203373.8324,361006.1279,157632.2955,336562.2253,80586.6176,417148.8429,0.1645568072293115,3430089.626,7078723.3931,12773621.6481,38.43673296751828,143.93888070650013,105.50214773898183,33.52025273275515,143.93888070650013,110.41862797374496,2049.0,2049.0,19.706,19.706,10.1711,10.1711,1072844.8621,921505.1739,211071.2626,2593855.4399,27428.0134,1072844.8621,921505.1739,236007.1664,2674934.0587,27428.0134
99,99,50,1,0.5700000000000001,0,0,0,0,0,1,1,0,0,0,0,1,1,1,1,1,1.1,1,1,184678.8914,184678.8914,0,318304.588,-81447.6127,236856.9754,0.0,0,7153646.1963,7153646.1963,36.743353957058524,31.78220380141874,-4.961150155639789,31.78220380141874,31.78220380141874,0.0,2029.0,2029.0,22.1008,22.1008,0,0,536579.9953,0,105883.7926,949010.9084,121868.2291,536579.9953,0,129087.2317,1024392.4315,121868.2291
100,100,50,1,0.5700000000000001,1,0,1,0,0,1,1,0,0,0,0,1,1,1,1,1,1.1,1,1,184678.8914,267978.3223,83299.4309,318304.588,4167.9159,322472.5039,0.0,144552.5415,7153646.1963,7235739.2675,36.743353957058524,40.52721251647615,3.7838585594176184,31.78220380141874,40.52721251647615,8.745008715057407,2031.0,2031.0,21.061,21.061,1.5277,1.5277,605482.5237,59723.9633,121735.8919,1155638.246,100717.5448,605482.5237,59723.9633,145956.9682,1234353.5039,100717.5448
101,101,50,1,0.5700000000000001,1,0,1,1,1,1,1,0,0,0,0,1,1,1,1,1,1.1,1,1,184678.8914,312311.1534,127632.2621,318304.588,49902.0326,368206.6206,0.35609073600475794,290519.3715,7153646.1963,7573979.5307,36.743353957058524,46.96998494645401,10.226630989395483,31.78220380141874,46.96998494645401,15.18778114503527,2032.0,2032.0,20.3792,20.3792,2.6467,2.6467,654190.4332,120002.8948,128127.6477,1309091.0797,94458.9506,654190.4332,120002.8948,152956.9666,1389815.8657,94458.9506
102,102,50,1,0.5700000000000001,1,1,1,1,0,1,1,0,0,0,0,1,1,1,1,1,1.1,1,1,184678.8914,366670.0328,181991.1414,318304.588,104515.1431,422819.7311,0.7305536228745925,385295.3674,7153646.1963,7665000.4333,36.743353957058524,52.850379834283345,16.10702587722482,31.78220380141874,52.850379834283345,21.06817603286461,2033.0,2033.0,19.6075,19.6075,3.1176,3.1176,683866.181,155146.8378,144016.2058,1436628.7542,86929.4968,683866.181,155146.8378,168955.1024,1517717.3491,86929.4968
103,103,50,1,0.5700000000000001,1,1,1,1,1,1,1,0,0,0,0,1,1,1,1,1,1.1,1,1,184678.8914,358290.7675,173611.8762,318304.588,96135.8778,414440.4658,0.37821312494195797,692398.3556,7153646.1963,8352748.9354,36.743353957058524,59.43122453616801,22.687870579109482,31.78220380141874,59.43122453616801,27.64902073474927,2034.0,2034.0,19.6374,19.6374,4.9817,4.9817,735500.8166,247948.2308,132829.456,1557490.0108,82920.7399,735500.8166,247948.2308,157768.3526,1638578.6057,82920.7399
104,104,50,1,0.5700000000000001,1,1,1,1,1,1,1,1,0,0,0,1,1,1,1,1,1.1,1,1,184678.8914,510823.2013,326144.3099,318304.588,248661.3283,566965.9163,0.7564619695901901,1085002.7881,7153646.1963,8876049.9196,36.743353957058524,86.30656054506181,49.56320658800329,31.78220380141874,86.30656054506181,54.524356743643075,2040.0,2040.0,18.9186,18.9186,5.3694,5.3694,856249.0101,391990.7325,183056.0944,1990542.1473,48423.1091,856249.0101,391990.7325,207991.9982,2071620.7661,48423.1091
105,105,50,1,0.5700000000000001,1,1,1,1,1,1,1,1,1,0,0,1,1,1,1,1,1.1,1,1,184678.8914,510754.346,326075.4546,318304.588,248592.473,566897.061,0.5494065525856373,1508958.2813,7153646.1963,9615229.0339,36.743353957058524,97.21890139526876,60.47554743821023,31.78220380141874,97.21890139526876,65.43669759385001,2041.0,2041.0,18.511,18.511,6.6202,6.6202,907077.6092,527715.0511,176528.7447,2168603.6512,46527.9003,907077.6092,527715.0511,201464.6485,2249682.27,46527.9003
106,106,50,1,0.5700000000000001,1,1,1,1,1,1,1,1,1,1,0,1,1,1,1,1,1.1,1,1,184678.8914,435057.8869,250378.9955,318304.588,172896.0139,491200.6019,0.2792909089629491,2670611.4413,7153646.1963,11653830.657,36.743353957058524,127.62613134557353,90.882777388515,31.78220380141874,127.62613134557353,95.84392754415478,2046.0,2046.0,19.1954,19.1954,8.9238,8.9238,1035756.3647,801225.5121,186070.2627,2491600.1622,33490.1358,1035756.3647,801225.5121,211006.1665,2572678.781,33490.1358
107,107,50,1,0.5700000000000001,1,1,1,1,1,1,1,1,1,1,1,1,1,1,1,1,1.1,1,1,184678.8914,345721.4955,161042.6042,318304.588,83559.6225,401864.2106,0.16837454800410281,3430089.626,7153646.1963,12870331.1306,36.743353957058524,143.93888070650013,107.19552674944158,31.78220380141874,143.93888070650013,112.15667690508137,2049.0,2049.0,20.0009,20.0009,10.1711,10.1711,1092411.2529,921505.1739,206789.5041,2593855.4399,27428.0134,1092411.2529,921505.1739,231725.4079,2674934.0587,27428.0134
108,108,50,1,0.5700000000000001,0,0,0,0,0,1,1,0,0,0,0,1,1,1,1,1,1,0.9,1,211082.0729,211082.0729,0,344567.9068,-81307.7499,263260.1569,0.0,0,7020219.3044,7020219.3044,38.43673296751828,33.52025273275515,-4.916480234763141,33.52025273275515,33.52025273275515,0.0,2030.0,2030.0,22.0737,22.0737,0,0,544432.9059,0,113812.5395,980116.8176,110789.2992,544432.9059,0,137015.9786,1055498.3407,110789.2992
109,109,50,1,0.5700000000000001,1,0,1,0,0,1,1,0,0,0,0,1,1,1,1,1,1,0.9,1,211082.0729,285665.5036,74583.4307,344567.9068,-4408.2216,340159.6852,0.0,144552.5415,7020219.3044,7100055.1877,38.43673296751828,40.52721251647615,2.090479548957861,33.52025273275515,40.52721251647615,7.006959783721002,2031.0,2031.0,20.2075,20.2075,1.5277,1.5277,580769.0898,59723.9633,128762.1445,1155638.246,100717.5448,580769.0898,59723.9633,152983.2208,1234353.5039,100717.5448
110,110,50,1,0.5700000000000001,1,0,1,1,1,1,1,0,0,0,0,1,1,1,1,1,1,0.9,1,211082.0729,331920.4361,120838.3632,344567.9068,43247.9965,387815.9033,0.2958754400938169,290519.3715,7020219.3044,7413326.4633,38.43673296751828,46.96998494645401,8.533251978935725,33.52025273275515,46.96998494645401,13.449732213698866,2032.0,2032.0,19.5403,19.5403,2.6467,2.6467,627062.8885,120002.8948,135645.9097,1309091.0797,94458.9506,627062.8885,120002.8948,160475.2286,1389815.8657,94458.9506
111,111,50,1,0.5700000000000001,1,1,1,1,0,1,1,0,0,0,0,1,1,1,1,1,1,0.9,1,211082.0729,387327.3987,176245.3258,344567.9068,98909.1902,443477.097,0.6910568942766486,385295.3674,7020219.3044,7501355.4823,38.43673296751828,52.850379834283345,14.413646866765063,33.52025273275515,52.850379834283345,19.330127101528202,2033.0,2033.0,18.806,18.806,3.1176,3.1176,655640.4191,155146.8378,151584.6018,1436628.7542,86929.4968,655640.4191,155146.8378,176523.4984,1517717.3491,86929.4968
112,112,50,1,0.5700000000000001,1,1,1,1,1,1,1,0,0,0,0,1,1,1,1,1,1,0.9,1,211082.0729,381882.442,170800.369,344567.9068,93464.2335,438032.1403,0.364835996449314,692398.3556,7020219.3044,8140424.9982,38.43673296751828,59.43122453616801,20.994491568649725,33.52025273275515,59.43122453616801,25.910971803412867,2034.0,2034.0,18.8116,18.8116,4.9817,4.9817,704464.088,247948.2308,140274.5102,1557490.0108,82920.7399,704464.088,247948.2308,165213.4068,1638578.6057,82920.7399
113,113,50,1,0.5700000000000001,1,1,1,1,1,1,1,1,0,0,0,1,1,1,1,1,1,0.9,1,211082.0729,539038.2478,327956.1749,344567.9068,250613.0561,595180.9629,0.7721958200038317,1085002.7881,7020219.3044,8637418.5588,38.43673296751828,87.79353125619754,49.35679828867926,33.52025273275515,87.79353125619754,54.2732785234424,2041.0,2041.0,18.5152,18.5152,5.281,5.281,829708.026,391990.7325,195362.1364,2000120.151,44021.0083,829708.026,391990.7325,220298.0402,2081198.7698,44021.0083
114,114,50,1,0.5700000000000001,1,1,1,1,1,1,1,1,1,0,0,1,1,1,1,1,1,0.9,1,211082.0729,540715.2635,329633.1906,344567.9068,252290.0718,596857.9785,0.5663304905173948,1508958.2813,7020219.3044,9333177.5539,38.43673296751828,98.82759782967499,60.3908648621567,33.52025273275515,98.82759782967499,65.30734509691983,2042.0,2042.0,18.0906,18.0906,6.5156,6.5156,877500.3288,527715.0511,189852.4039,2178081.1385,42298.0912,877500.3288,527715.0511,214788.3077,2259159.7573,42298.0912
115,115,50,1,0.5700000000000001,1,1,1,1,1,1,1,1,1,1,0,1,1,1,1,1,1,0.9,1,211082.0729,473099.6279,262017.555,344567.9068,184674.4362,529242.343,0.29742849424616696,2670611.4413,7020219.3044,11241603.527,38.43673296751828,129.3636151827846,90.9268822152663,33.52025273275515,129.3636151827846,95.84336245002945,2047.0,2047.0,18.6557,18.6557,8.8073,8.8073,996357.575,801225.5121,196914.3874,2498042.6804,30445.578,996357.575,801225.5121,221850.2912,2579121.2992,30445.578
116,116,50,1,0.5700000000000001,1,1,1,1,1,1,1,1,1,1,1,1,1,1,1,1,1,0.9,1,211082.0729,385800.9271,174718.8541,344567.9068,97375.7353,441943.6421,0.18688335912901802,3430089.626,7020219.3044,12383053.067,38.43673296751828,145.8166790824824,107.37994611496413,33.52025273275515,145.8166790824824,112.29642634972726,2050.0,2050.0,19.3875,19.3875,10.0436,10.0436,1048751.5507,921505.1739,218119.5954,2599111.8047,24934.5576,1048751.5507,921505.1739,243055.4992,2680190.4235,24934.5576
117,117,50,1,0.5700000000000001,0,0,0,0,0,1,1,0,0,0,0,1,1,1,1,1,1,1.1,1,177312.6438,177312.6438,0,310596.3475,-81105.6197,229490.7278,0.0,0,7212150.285,7212150.285,36.743353957058524,31.78220380141874,-4.961150155639789,31.78220380141874,31.78220380141874,0.0,2029.0,2029.0,22.5191,22.5191,0,0,546869.1309,0,102960.9046,949010.9084,121868.2291,546869.1309,0,126164.3437,1024392.4315,121868.2291
118,118,50,1,0.5700000000000001,1,0,1,0,0,1,1,0,0,0,0,1,1,1,1,1,1,1.1,1,177312.6438,260048.7424,82736.0987,310596.3475,3946.5766,314542.9241,0.0,144552.5415,7212150.285,7291986.1683,36.743353957058524,40.52721251647615,3.7838585594176184,31.78220380141874,40.52721251647615,8.745008715057407,2031.0,2031.0,21.4325,21.4325,1.5277,1.5277,616437.6496,59723.9633,118710.3459,1155638.246,100717.5448,616437.6496,59723.9633,142931.4223,1234353.5039,100717.5448
119,119,50,1,0.5700000000000001,1,0,1,1,1,1,1,0,0,0,0,1,1,1,1,1,1,1.1,1,177312.6438,303159.8355,125847.1917,310596.3475,48458.9552,359055.3027,0.3423484397757022,290519.3715,7212150.285,7652879.9486,36.743353957058524,46.96998494645401,10.226630989395483,31.78220380141874,46.96998494645401,15.18778114503527,2032.0,2032.0,20.7585,20.7585,2.6467,2.6467,666653.7057,120002.8948,124815.6931,1309091.0797,94458.9506,666653.7057,120002.8948,149645.0119,1389815.8657,94458.9506
120,120,50,1,0.5700000000000001,1,1,1,1,0,1,1,0,0,0,0,1,1,1,1,1,1,1.1,1,177312.6438,351895.2679,174582.6241,310596.3475,97448.6187,408044.9662,0.6635370321292262,385295.3674,7212150.285,7740908.9676,36.743353957058524,51.07715673737542,14.333802780316889,31.78220380141874,51.07715673737542,19.294952935956676,2032.0,2032.0,19.2694,19.2694,3.2248,3.2248,672541.5177,155146.8378,137579.3919,1412785.4618,95622.4465,672541.5177,155146.8378,162518.2885,1493874.0567,95622.4465
121,121,50,1,0.5700000000000001,1,1,1,1,1,1,1,0,0,0,0,1,1,1,1,1,1,1.1,1,177312.6438,342940.4016,165627.7578,310596.3475,88493.7524,399090.0999,0.3311797741714045,692398.3556,7212150.285,8468363.39,36.743353957058524,57.54614640197731,20.802792444918786,31.78220380141874,57.54614640197731,25.763942600558575,2033.0,2033.0,19.3645,19.3645,5.1431,5.1431,726641.6973,247948.2308,125703.8409,1534446.9844,91212.8139,726641.6973,247948.2308,150642.7375,1615535.5794,91212.8139
122,122,50,1,0.5700000000000001,1,1,1,1,1,1,1,1,0,0,0,1,1,1,1,1,1,1.1,1,177312.6438,496427.5199,319114.8761,310596.3475,241973.8874,552570.2349,0.7276998420320907,1085002.7881,7212150.285,9017971.798,36.743353957058524,84.69708667090099,47.953732713842456,31.78220380141874,84.69708667090099,52.91488286948224,2039.0,2039.0,18.8823,18.8823,5.4699,5.4699,862100.8025,391990.7325,175363.1249,1979147.5998,53265.42,862100.8025,391990.7325,200299.0287,2060226.2186,53265.42
123,123,50,1,0.5700000000000001,1,1,1,1,1,1,1,1,1,0,0,1,1,1,1,1,1,1.1,1,177312.6438,495783.9659,318471.3222,310596.3475,241330.3335,551926.681,0.5322983003059597,1508958.2813,7212150.285,9800571.0314,36.743353957058524,97.21890139526876,60.47554743821023,31.78220380141874,97.21890139526876,65.43669759385001,2041.0,2041.0,18.9165,18.9165,6.6202,6.6202,926920.0463,527715.0511,171656.6876,2168603.6512,46527.9003,926920.0463,527715.0511,196592.5913,2249682.27,46527.9003
124,124,50,1,0.5700000000000001,1,1,1,1,1,1,1,1,1,1,0,1,1,1,1,1,1,1.1,1,177312.6438,412368.7484,235056.1046,310596.3475,157915.1159,468511.4634,0.2558855909912122,2670611.4413,7212150.285,11969348.3045,36.743353957058524,125.7639688276269,89.02061487056838,31.78220380141874,125.7639688276269,93.98176502620817,2045.0,2045.0,19.3886,19.3886,9.0521,9.0521,1054385.7975,801225.5121,179192.2961,2484011.5035,36839.1494,1054385.7975,801225.5121,204128.1999,2565090.1223,36839.1494
125,125,50,1,0.5700000000000001,1,1,1,1,1,1,1,1,1,1,1,1,1,1,1,1,1,1.1,1,177312.6438,321102.9527,143790.3089,310596.3475,66649.3202,377245.6677,0.14554494647032207,3430089.626,7212150.285,13260899.7117,36.743353957058524,141.9284702774002,105.18511632034169,31.78220380141874,141.9284702774002,110.14626647598148,2048.0,2048.0,20.2886,20.2886,10.3113,10.3113,1115334.7238,921505.1739,199556.2992,2587669.9643,30170.8147,1115334.7238,921505.1739,224492.203,2668748.5831,30170.8147
126,126,50,1,0.5700000000000001,0,0,0,0,0,1,1,0,0,0,0,1,1,1,1,1,1,1,0.9,203552.5151,203552.5151,0,336726.4306,-80995.8315,255730.5991,0.0,0,7079296.3718,7079296.3718,38.43673296751828,33.52025273275515,-4.916480234763141,33.52025273275515,33.52025273275515,0.0,2030.0,2030.0,22.5013,22.5013,0,0,554976.7977,0,110798.2055,980116.8176,110789.2992,554976.7977,0,134001.6446,1055498.3407,110789.2992
127,127,50,1,0.5700000000000001,1,0,1,0,0,1,1,0,0,0,0,1,1,1,1,1,1,1,0.9,203552.5151,277824.0274,74271.5123,336726.4306,-4408.2216,332318.2091,0.0,144552.5415,7079296.3718,7159132.2551,38.43673296751828,40.52721251647615,2.090479548957861,33.52025273275515,40.52721251647615,7.006959783721002,2031.0,2031.0,20.5894,20.5894,1.5277,1.5277,591789.9297,59723.9633,125582.7808,1155638.246,100717.5448,591789.9297,59723.9633,149803.8571,1234353.5039,100717.5448
128,128,50,1,0.5700000000000001,1,0,1,1,1,1,1,0,0,0,0,1,1,1,1,1,1,1,0.9,203552.5151,322918.2791,119365.7639,336726.4306,42087.3156,378813.7462,0.2839383982475878,290519.3715,7079296.3718,7491335.5653,38.43673296751828,46.96998494645401,8.533251978935725,33.52025273275515,46.96998494645401,13.449732213698866,2032.0,2032.0,19.9274,19.9274,2.6467,2.6467,639516.2092,120002.8948,132194.7461,1309091.0797,94458.9506,639516.2092,120002.8948,157024.0649,1389815.8657,94458.9506
129,129,50,1,0.5700000000000001,1,1,1,1,0,1,1,0,0,0,0,1,1,1,1,1,1,1,0.9,203552.5151,377928.2153,174375.7001,336726.4306,97351.483,434077.9136,0.6792648059057177,385295.3674,7079296.3718,7579364.5843,38.43673296751828,52.850379834283345,14.413646866765063,33.52025273275515,52.850379834283345,19.330127101528202,2033.0,2033.0,19.1718,19.1718,3.1176,3.1176,668490.7661,155146.8378,148133.4382,1436628.7542,86929.4968,668490.7661,155146.8378,173072.3348,1517717.3491,86929.4968
130,130,50,1,0.5700000000000001,1,1,1,1,1,1,1,0,0,0,0,1,1,1,1,1,1,1,0.9,203552.5151,370998.4201,167445.9049,336726.4306,90421.6877,427148.1184,0.35139634506707607,692398.3556,7079296.3718,8249315.926,38.43673296751828,59.43122453616801,20.994491568649725,33.52025273275515,59.43122453616801,25.910971803412867,2034.0,2034.0,19.1959,19.1959,4.9817,4.9817,718817.2626,247948.2308,136805.3575,1557490.0108,82920.7399,718817.2626,247948.2308,161744.2541,1638578.6057,82920.7399
131,131,50,1,0.5700000000000001,1,1,1,1,1,1,1,1,0,0,0,1,1,1,1,1,1,1,0.9,203552.5151,525137.1531,321584.6379,336726.4306,244553.4375,581279.8681,0.7464438519535539,1085002.7881,7079296.3718,8757894.7074,38.43673296751828,86.30656054506181,47.86982757754353,33.52025273275515,86.30656054506181,52.786307812306674,2040.0,2040.0,18.4986,18.4986,5.3694,5.3694,836843.301,391990.7325,188147.8516,1990542.1473,48423.1091,836843.301,391990.7325,213083.7554,2071620.7661,48423.1091
132,132,50,1,0.5700000000000001,1,1,1,1,1,1,1,1,1,0,0,1,1,1,1,1,1,1,0.9,203552.5151,527370.7152,323818.2001,336726.4306,246786.9996,583513.4302,0.5532593538514119,1508958.2813,7079296.3718,9472133.4519,38.43673296751828,98.82759782967499,60.3908648621567,33.52025273275515,98.82759782967499,65.30734509691983,2042.0,2042.0,18.4542,18.4542,6.5156,6.5156,895419.0036,527715.0511,185278.2774,2178081.1385,42298.0912,895419.0036,527715.0511,210214.1812,2259159.7573,42298.0912
133,133,50,1,0.5700000000000001,1,1,1,1,1,1,1,1,1,1,0,1,1,1,1,1,1,1,0.9,203552.5151,454975.6158,251423.1007,336726.4306,174391.9002,511118.3309,0.28075781983826364,2670611.4413,7079296.3718,11447768.2904,38.43673296751828,127.62613134557353,89.18939837805523,33.52025273275515,127.62613134557353,94.10587861281837,2046.0,2046.0,18.7467,18.7467,8.9238,8.9238,1011248.3166,801225.5121,190660.5818,2491600.1622,33490.1358,1011248.3166,801225.5121,215596.4856,2572678.781,33490.1358
134,134,50,1,0.5700000000000001,1,1,1,1,1,1,1,1,1,1,1,1,1,1,1,1,1,1,0.9,203552.5151,366904.2957,163351.7806,336726.4306,86320.5801,423047.0107,0.17142075458694975,3430089.626,7079296.3718,12623828.7904,38.43673296751828,143.93888070650013,105.50214773898183,33.52025273275515,143.93888070650013,110.41862797374496,2049.0,2049.0,19.5246,19.5246,10.1711,10.1711,1066271.4374,921505.1739,211746.5195,2593855.4399,27428.0134,1066271.4374,921505.1739,236682.4232,2674934.0587,27428.0134
135,135,50,1,0.5700000000000001,0,0,0,0,0,1,1,0,0,0,0,1,1,1,1,1,1,1,1.1,184483.5375,184483.5375,0,318125.9053,-81464.2837,236661.6215,0.0,0,7153073.2176,7153073.2176,36.743353957058524,31.78220380141874,-4.961150155639789,31.78220380141874,31.78220380141874,0.0,2029.0,2029.0,22.1064,22.1064,0,0,536875.3381,0,105783.8036,949010.9084,121868.2291,536875.3381,0,128987.2427,1024392.4315,121868.2291
136,136,50,1,0.5700000000000001,1,0,1,0,0,1,1,0,0,0,0,1,1,1,1,1,1,1,1.1,184483.5375,268055.2483,83571.7108,318125.9053,4423.5247,322549.43,0.0,144552.5415,7153073.2176,7232909.1009,36.743353957058524,40.52721251647615,3.7838585594176184,31.78220380141874,40.52721251647615,8.745008715057407,2031.0,2031.0,21.0506,21.0506,1.5277,1.5277,605416.8097,59723.9633,121724.6799,1155638.246,100717.5448,605416.8097,59723.9633,145945.7563,1234353.5039,100717.5448
137,137,50,1,0.5700000000000001,1,0,1,1,1,1,1,0,0,0,0,1,1,1,1,1,1,1,1.1,184483.5375,312329.6673,127846.1297,318125.9053,50099.2291,368225.1344,0.3582599497038651,290519.3715,7153073.2176,7574870.8466,36.743353957058524,46.96998494645401,10.226630989395483,31.78220380141874,46.96998494645401,15.18778114503527,2032.0,2032.0,20.3714,20.3714,2.6467,2.6467,654200.385,120002.8948,128099.182,1309091.0797,94458.9506,654200.385,120002.8948,152928.5009,1389815.8657,94458.9506
138,138,50,1,0.5700000000000001,1,1,1,1,0,1,1,0,0,0,0,1,1,1,1,1,1,1,1.1,184483.5375,366877.2025,182393.6649,318125.9053,104900.9955,423026.9008,0.733770584902313,385295.3674,7153073.2176,7662899.8656,36.743353957058524,52.850379834283345,16.10702587722482,31.78220380141874,52.850379834283345,21.06817603286461,2033.0,2033.0,19.5918,19.5918,3.1176,3.1176,683637.343,155146.8378,144037.8741,1436628.7542,86929.4968,683637.343,155146.8378,168976.7707,1517717.3491,86929.4968
139,139,50,1,0.5700000000000001,1,1,1,1,1,1,1,0,0,0,0,1,1,1,1,1,1,1,1.1,184483.5375,358440.9955,173957.4579,318125.9053,96464.7885,414590.6938,0.37972937084716435,692398.3556,7153073.2176,8359472.4622,36.743353957058524,59.43122453616801,22.687870579109482,31.78220380141874,59.43122453616801,27.64902073474927,2034.0,2034.0,19.6266,19.6266,4.9817,4.9817,735395.1304,247948.2308,132784.9142,1557490.0108,82920.7399,735395.1304,247948.2308,157723.8108,1638578.6057,82920.7399
140,140,50,1,0.5700000000000001,1,1,1,1,1,1,1,1,0,0,0,1,1,1,1,1,1,1,1.1,184483.5375,510315.0488,325831.5113,318125.9053,248331.8586,566457.7639,0.755366494850902,1085002.7881,7153073.2176,8897495.6494,36.743353957058524,86.30656054506181,49.56320658800329,31.78220380141874,86.30656054506181,54.524356743643075,2040.0,2040.0,18.9303,18.9303,5.3694,5.3694,856948.6903,391990.7325,182864.5666,1990542.1473,48423.1091,856948.6903,391990.7325,207800.4704,2071620.7661,48423.1091
141,141,50,1,0.5700000000000001,1,1,1,1,1,1,1,1,1,0,0,1,1,1,1,1,1,1,1.1,184483.5375,509137.3514,324653.8139,318125.9053,247154.1612,565280.0665,0.5459664288642697,1508958.2813,7153073.2176,9661615.1334,36.743353957058524,97.21890139526876,60.47554743821023,31.78220380141874,97.21890139526876,65.43669759385001,2041.0,2041.0,18.5586,18.5586,6.6202,6.6202,909163.278,527715.0511,176060.0703,2168603.6512,46527.9003,909163.278,527715.0511,200995.9741,2249682.27,46527.9003
142,142,50,1,0.5700000000000001,1,1,1,1,1,1,1,1,1,1,0,1,1,1,1,1,1,1,1.1,184483.5375,430543.4992,246059.9616,318125.9053,168560.3089,486686.2142,0.27328089767600655,2670611.4413,7153073.2176,11763183.5412,36.743353957058524,127.62613134557353,90.882777388515,31.78220380141874,127.62613134557353,95.84392754415478,2046.0,2046.0,19.3254,19.3254,8.9238,8.9238,1040842.006,801225.5121,185499.0091,2491600.1622,33490.1358,1040842.006,801225.5121,210434.9129,2572678.781,33490.1358
143,143,50,1,0.5700000000000001,1,1,1,1,1,1,1,1,1,1,1,1,1,1,1,1,1,1,1.1,184483.5375,339472.3745,154988.837,318125.9053,77489.1843,395615.0895,0.1586119455160753,3430089.626,7153073.2176,13020123.9883,36.743353957058524,141.9284702774002,105.18511632034169,31.78220380141874,141.9284702774002,110.14626647598148,2048.0,2048.0,19.87,19.87,10.3113,10.3113,1092749.5271,921505.1739,203772.0741,2587669.9643,30170.8147,1092749.5271,921505.1739,228707.9779,2668748.5831,30170.8147
144,144,50,1,0.5700000000000001,0,0,0,0,0,1,1,0,0,0,0,1,1,1,1,1,1,1,1,198897.1856,198897.1856,0,331884.8774,-80809.6078,251075.2696,0.0,0,7116184.7947,7116184.7947,38.43673296751828,33.52025273275515,-4.916480234763141,33.52025273275515,33.52025273275515,0.0,2030.0,2030.0,22.7598,22.7598,0,0,561507.3488,0,108922.9839,980116.8176,110789.2992,561507.3488,0,132126.423,1055498.3407,110789.2992
145,145,50,1,0.5700000000000001,1,0,1,0,0,1,1,0,0,0,0,1,1,1,1,1,1,1,1,198897.1856,272982.4742,74085.2886,331884.8774,-4408.2216,327476.6559,0.0,144552.5415,7116184.7947,7196020.678,38.43673296751828,40.52721251647615,2.090479548957861,33.52025273275515,40.52721251647615,7.006959783721002,2031.0,2031.0,20.82,20.82,1.5277,1.5277,598603.3697,59723.9633,123610.894,1155638.246,100717.5448,598603.3697,59723.9633,147831.9703,1234353.5039,100717.5448
146,146,50,1,0.5700000000000001,1,0,1,1,1,1,1,0,0,0,0,1,1,1,1,1,1,1,1,198897.1856,317623.9732,118726.7875,331884.8774,41634.5629,373519.4403,0.2795331090989849,290519.3715,7116184.7947,7533103.206,38.43673296751828,46.96998494645401,8.533251978935725,33.52025273275515,46.96998494645401,13.449732213698866,2032.0,2032.0,20.1494,20.1494,2.6467,2.6467,646858.2971,120002.8948,130146.964,1309091.0797,94458.9506,646858.2971,120002.8948,154976.2829,1389815.8657,94458.9506
147,147,50,1,0.5700000000000001,1,1,1,1,0,1,1,0,0,0,0,1,1,1,1,1,1,1,1,198897.1856,372402.7089,173505.5233,331884.8774,96667.5298,428552.4072,0.674367202752507,385295.3674,7116184.7947,7621132.225,38.43673296751828,52.850379834283345,14.413646866765063,33.52025273275515,52.850379834283345,19.330127101528202,2033.0,2033.0,19.3818,19.3818,3.1176,3.1176,676064.0546,155146.8378,146085.6561,1436628.7542,86929.4968,676064.0546,155146.8378,171024.5527,1517717.3491,86929.4968
148,148,50,1,0.5700000000000001,1,1,1,1,1,1,1,0,0,0,0,1,1,1,1,1,1,1,1,198897.1856,364747.5932,165850.4076,331884.8774,89012.4141,420897.2915,0.34544552495421815,692398.3556,7116184.7947,8304394.1941,38.43673296751828,59.43122453616801,20.994491568649725,33.52025273275515,59.43122453616801,25.910971803412867,2034.0,2034.0,19.4113,19.4113,4.9817,4.9817,727106.1965,247948.2308,134767.2504,1557490.0108,82920.7399,727106.1965,247948.2308,159706.147,1638578.6057,82920.7399
149,149,50,1,0.5700000000000001,1,1,1,1,1,1,1,1,0,0,0,1,1,1,1,1,1,1,1,198897.1856,517726.1009,318828.9153,331884.8774,241983.9385,573868.816,0.7381802575663959,1085002.7881,7116184.7947,8827695.1784,38.43673296751828,86.30656054506181,47.86982757754353,33.52025273275515,86.30656054506181,52.786307812306674,2040.0,2040.0,18.7145,18.7145,5.3694,5.3694,846895.9957,391990.7325,185506.2091,1990542.1473,48423.1091,846895.9957,391990.7325,210442.1129,2071620.7661,48423.1091
150,150,50,1,0.5700000000000001,1,1,1,1,1,1,1,1,1,0,0,1,1,1,1,1,1,1,1,198897.1856,518668.1512,319770.9656,331884.8774,242925.9888,574810.8662,0.5441047450570126,1508958.2813,7116184.7947,9566874.2927,38.43673296751828,98.82759782967499,60.3908648621567,33.52025273275515,98.82759782967499,65.30734509691983,2042.0,2042.0,18.6929,18.6929,6.5156,6.5156,907063.468,527715.0511,182336.3771,2178081.1385,42298.0912,907063.468,527715.0511,207272.2808,2259159.7573,42298.0912
151,151,50,1,0.5700000000000001,1,1,1,1,1,1,1,1,1,1,0,1,1,1,1,1,1,1,1,198897.1856,442759.5575,243862.3719,331884.8774,167017.3951,498902.2725,0.27079383376992355,2670611.4413,7116184.7947,11605475.9158,38.43673296751828,127.62613134557353,89.18939837805523,33.52025273275515,127.62613134557353,94.10587861281837,2046.0,2046.0,19.0361,19.0361,8.9238,8.9238,1026045.1613,801225.5121,188079.7955,2491600.1622,33490.1358,1026045.1613,801225.5121,213015.6993,2572678.781,33490.1358
152,152,50,1,0.5700000000000001,1,1,1,1,1,1,1,1,1,1,1,1,1,1,1,1,1,1,1,198897.1856,353363.8117,154466.6261,331884.8774,77621.6493,409506.5267,0.16106467390593981,3430089.626,7116184.7947,12821976.3894,38.43673296751828,143.93888070650013,105.50214773898183,33.52025273275515,143.93888070650013,110.41862797374496,2049.0,2049.0,19.8535,19.8535,10.1711,10.1711,1082628.0575,921505.1739,208930.3834,2593855.4399,27428.0134,1082628.0575,921505.1739,233866.2871,2674934.0587,27428.0134
